x-axis,1,2
second,Volt,Volt
-1.000001E+00,+3.311457E+00,+1.520E-03
-999.001E-03,+3.296708E+00,-19.146E-03
-998.001E-03,+3.300842E+00,-28.631E-03
-997.001E-03,+3.294925E+00,-19.146E-03
-996.001E-03,+3.298945E+00,-19.146E-03
-995.001E-03,+3.295816E+00,+955E-06
-994.001E-03,+3.296822E+00,-8.530E-03
-993.001E-03,+3.301847E+00,-19.146E-03
-992.001E-03,+3.302852E+00,-19.146E-03
-991.001E-03,+3.302965E+00,-19.146E-03
-990.001E-03,+3.301068E+00,-19.146E-03
-989.001E-03,+3.300729E+00,-13.555E-03
-988.001E-03,+3.302852E+00,-19.146E-03
-987.001E-03,+3.302965E+00,-19.146E-03
-986.001E-03,+3.300842E+00,-19.146E-03
-985.001E-03,+3.301847E+00,-19.146E-03
-984.001E-03,+3.302965E+00,-19.146E-03
-983.001E-03,+3.298945E+00,-19.146E-03
-982.001E-03,+3.298718E+00,-19.146E-03
-981.001E-03,+3.302965E+00,-19.146E-03
-980.001E-03,+3.298945E+00,-19.146E-03
-979.001E-03,+3.294925E+00,-19.146E-03
-978.001E-03,+3.295151E+00,-8.530E-03
-977.001E-03,+3.297161E+00,-4.636E-03
-976.001E-03,+3.299058E+00,+389E-06
-975.001E-03,+3.302073E+00,-19.146E-03
-974.001E-03,+3.294698E+00,-19.146E-03
-973.001E-03,+3.301181E+00,-19.146E-03
-972.001E-03,+3.291017E+00,-19.146E-03
-971.001E-03,+3.296708E+00,-19.146E-03
-970.001E-03,+3.300842E+00,-19.146E-03
-969.001E-03,+3.298945E+00,-19.146E-03
-968.001E-03,+3.295151E+00,-19.146E-03
-967.001E-03,+3.298945E+00,-19.146E-03
-966.001E-03,+3.295377E+00,-28.631E-03
-965.001E-03,+3.301847E+00,-19.146E-03
-964.001E-03,+3.298945E+00,+389E-06
-963.001E-03,+3.294925E+00,-3.505E-03
-962.001E-03,+3.297048E+00,-19.146E-03
-961.001E-03,+3.301847E+00,+3.202525E+00
-960.001E-03,+3.294925E+00,+3.176834E+00
-959.001E-03,+3.295816E+00,+3.176834E+00
-958.001E-03,+3.294925E+00,+3.166219E+00
-957.001E-03,+3.294925E+00,+3.176834E+00
-956.001E-03,+3.295038E+00,+3.176834E+00
-955.001E-03,+3.297161E+00,+3.176834E+00
-954.001E-03,+3.300842E+00,-19.146E-03
-953.001E-03,+3.298945E+00,-19.146E-03
-952.001E-03,+3.294925E+00,-19.146E-03
-951.001E-03,+3.302073E+00,-19.146E-03
-950.001E-03,+3.301068E+00,-19.146E-03
-949.001E-03,+3.301847E+00,-19.146E-03
-948.001E-03,+3.298945E+00,+389E-06
-947.001E-03,+3.302073E+00,-19.146E-03
-946.001E-03,+3.298718E+00,-19.146E-03
-945.001E-03,+3.296043E+00,-19.146E-03
-944.001E-03,+3.299058E+00,-19.146E-03
-943.001E-03,+3.299837E+00,-19.146E-03
-942.001E-03,+3.298718E+00,-8.530E-03
-941.001E-03,+3.301847E+00,-19.146E-03
-940.001E-03,+3.302852E+00,-19.146E-03
-939.001E-03,+3.302965E+00,-3.505E-03
-938.001E-03,+3.303191E+00,-19.146E-03
-937.001E-03,+3.296043E+00,-19.146E-03
-936.001E-03,+3.298945E+00,-19.146E-03
-935.001E-03,+3.299837E+00,-19.146E-03
-934.001E-03,+3.289460E+00,-19.146E-03
-933.001E-03,+3.300063E+00,-19.146E-03
-932.001E-03,+3.299058E+00,-19.711E-03
-931.001E-03,+3.302073E+00,-14.686E-03
-930.001E-03,+3.298945E+00,-19.146E-03
-929.001E-03,+3.298945E+00,-19.146E-03
-928.001E-03,+3.299058E+00,-19.146E-03
-927.001E-03,+3.298945E+00,-3.505E-03
-926.001E-03,+3.298718E+00,-9.661E-03
-925.001E-03,+3.298945E+00,-19.146E-03
-924.001E-03,+3.302852E+00,-19.146E-03
-923.001E-03,+3.302073E+00,+955E-06
-922.001E-03,+3.296822E+00,-19.146E-03
-921.001E-03,+3.305867E+00,-13.555E-03
-920.001E-03,+3.298945E+00,-19.146E-03
-919.001E-03,+3.302073E+00,-14.686E-03
-918.001E-03,+3.297048E+00,-8.530E-03
-917.001E-03,+3.293141E+00,-4.636E-03
-916.001E-03,+3.298832E+00,-18.580E-03
-915.001E-03,+3.299837E+00,-19.146E-03
-914.001E-03,+3.313806E+00,-8.530E-03
-913.001E-03,+3.300063E+00,-19.146E-03
-912.001E-03,+3.295038E+00,-19.146E-03
-911.001E-03,+3.298945E+00,-19.146E-03
-910.001E-03,+3.297048E+00,-8.530E-03
-909.001E-03,+3.302965E+00,-19.146E-03
-908.001E-03,+3.299171E+00,-19.146E-03
-907.001E-03,+3.302965E+00,-19.146E-03
-906.001E-03,+3.300842E+00,-19.146E-03
-905.001E-03,+3.298945E+00,-13.555E-03
-904.001E-03,+3.306759E+00,-19.146E-03
-903.001E-03,+3.302073E+00,-19.146E-03
-902.001E-03,+3.298945E+00,-19.146E-03
-901.001E-03,+3.300063E+00,-19.146E-03
-900.001E-03,+3.306872E+00,+389E-06
-899.001E-03,+3.302073E+00,-19.146E-03
-898.001E-03,+3.298945E+00,-19.146E-03
-897.001E-03,+3.302965E+00,-19.146E-03
-896.001E-03,+3.299058E+00,-19.146E-03
-895.001E-03,+3.302965E+00,-23.606E-03
-894.001E-03,+3.302965E+00,-19.146E-03
-893.001E-03,+3.273945E+00,-33.656E-03
-892.001E-03,+3.302739E+00,-18.580E-03
-891.001E-03,+3.302965E+00,-3.505E-03
-890.001E-03,+3.300842E+00,-19.146E-03
-889.001E-03,+3.301847E+00,-33.656E-03
-888.001E-03,+3.299058E+00,-19.146E-03
-887.001E-03,+3.302073E+00,-19.146E-03
-886.001E-03,+3.298945E+00,-19.146E-03
-885.001E-03,+3.300063E+00,-24.736E-03
-884.001E-03,+3.302852E+00,-19.146E-03
-883.001E-03,+3.297600E+00,-3.505E-03
-882.001E-03,+3.300842E+00,-19.146E-03
-881.001E-03,+3.298945E+00,-19.146E-03
-880.001E-03,+3.295151E+00,+389E-06
-879.001E-03,+3.299837E+00,-19.146E-03
-878.001E-03,+3.299171E+00,-19.146E-03
-877.001E-03,+3.301847E+00,-19.146E-03
-876.001E-03,+3.302852E+00,-19.146E-03
-875.001E-03,+3.301181E+00,-34.786E-03
-874.001E-03,+3.301068E+00,-19.146E-03
-873.001E-03,+3.304749E+00,-33.656E-03
-872.001E-03,+3.302852E+00,-18.580E-03
-871.001E-03,+3.298945E+00,-34.786E-03
-870.001E-03,+3.298945E+00,-19.146E-03
-869.001E-03,+3.300063E+00,-19.146E-03
-868.001E-03,+3.298945E+00,-19.146E-03
-867.001E-03,+3.303857E+00,-19.146E-03
-866.001E-03,+3.301068E+00,-29.761E-03
-865.001E-03,+3.297161E+00,-4.636E-03
-864.001E-03,+3.298945E+00,-18.580E-03
-863.001E-03,+3.302073E+00,-3.505E-03
-862.001E-03,+3.298718E+00,-19.146E-03
-861.001E-03,+3.305867E+00,-19.146E-03
-860.001E-03,+3.298945E+00,-19.146E-03
-859.001E-03,+3.298945E+00,-19.146E-03
-858.001E-03,+3.294698E+00,-8.530E-03
-857.001E-03,+3.298945E+00,-4.636E-03
-856.001E-03,+3.303078E+00,-19.146E-03
-855.001E-03,+3.303857E+00,-19.146E-03
-854.001E-03,+3.297048E+00,-19.146E-03
-853.001E-03,+3.292236E+00,-19.146E-03
-852.001E-03,+3.295038E+00,+955E-06
-851.001E-03,+3.298945E+00,-19.146E-03
-850.001E-03,+3.297048E+00,-19.146E-03
-849.001E-03,+3.300063E+00,-19.146E-03
-848.001E-03,+3.302965E+00,-19.146E-03
-847.001E-03,+3.299837E+00,-19.146E-03
-846.001E-03,+3.300842E+00,-19.146E-03
-845.001E-03,+3.297161E+00,-19.146E-03
-844.001E-03,+3.302965E+00,-19.146E-03
-843.001E-03,+3.298945E+00,-19.146E-03
-842.001E-03,+3.301068E+00,-19.146E-03
-841.001E-03,+3.298945E+00,-19.146E-03
-840.001E-03,+3.299058E+00,-19.146E-03
-839.001E-03,+3.302965E+00,-19.146E-03
-838.001E-03,+3.302965E+00,-19.146E-03
-837.001E-03,+3.293141E+00,-4.636E-03
-836.001E-03,+3.302852E+00,+389E-06
-835.001E-03,+3.298945E+00,-14.686E-03
-834.001E-03,+3.298945E+00,-19.146E-03
-833.001E-03,+3.302965E+00,-19.146E-03
-832.001E-03,+3.306759E+00,+955E-06
-831.001E-03,+3.298945E+00,-34.786E-03
-830.001E-03,+3.300842E+00,-19.146E-03
-829.001E-03,+3.302965E+00,-19.146E-03
-828.001E-03,+3.302739E+00,+955E-06
-827.001E-03,+3.295816E+00,-3.505E-03
-826.001E-03,+3.297274E+00,-8.530E-03
-825.001E-03,+3.302965E+00,-19.146E-03
-824.001E-03,+3.298832E+00,-19.146E-03
-823.001E-03,+3.298053E+00,-14.686E-03
-822.001E-03,+3.302739E+00,-8.530E-03
-821.001E-03,+3.300063E+00,-19.146E-03
-820.001E-03,+3.291244E+00,+389E-06
-819.001E-03,+3.301181E+00,-14.686E-03
-818.001E-03,+3.305314E+00,+955E-06
-817.001E-03,+3.302965E+00,-19.146E-03
-816.001E-03,+3.306872E+00,-19.146E-03
-815.001E-03,+3.297600E+00,-19.146E-03
-814.001E-03,+3.301068E+00,-19.146E-03
-813.001E-03,+3.298945E+00,-19.146E-03
-812.001E-03,+3.298832E+00,-18.580E-03
-811.001E-03,+3.301181E+00,-19.146E-03
-810.001E-03,+3.301068E+00,-19.146E-03
-809.001E-03,+3.301847E+00,-19.146E-03
-808.001E-03,+3.279523E+00,-38.681E-03
-807.001E-03,+3.304309E+00,-14.686E-03
-806.001E-03,+3.302965E+00,-19.146E-03
-805.001E-03,+3.298945E+00,-19.146E-03
-804.001E-03,+3.302965E+00,-19.711E-03
-803.001E-03,+3.299837E+00,-19.146E-03
-802.001E-03,+3.302739E+00,-9.661E-03
-801.001E-03,+3.301847E+00,-19.146E-03
-800.001E-03,+3.298945E+00,-19.146E-03
-799.001E-03,+3.302073E+00,-19.146E-03
-798.001E-03,+3.302965E+00,-9.661E-03
-797.001E-03,+3.308769E+00,-19.146E-03
-796.001E-03,+3.291017E+00,-19.146E-03
-795.001E-03,+3.298945E+00,-3.505E-03
-794.001E-03,+3.307211E+00,-19.146E-03
-793.001E-03,+3.300063E+00,-19.146E-03
-792.001E-03,+3.306759E+00,-19.146E-03
-791.001E-03,+3.280176E+00,-30.327E-03
-790.001E-03,+3.297048E+00,-9.661E-03
-789.001E-03,+3.296043E+00,-4.636E-03
-788.001E-03,+3.302965E+00,-19.146E-03
-787.001E-03,+3.298945E+00,-19.146E-03
-786.001E-03,+3.291583E+00,-19.146E-03
-785.001E-03,+3.297161E+00,-13.555E-03
-784.001E-03,+3.291131E+00,-19.146E-03
-783.001E-03,+3.299837E+00,-19.146E-03
-782.001E-03,+3.302965E+00,-19.146E-03
-781.001E-03,+3.297827E+00,-13.555E-03
-780.001E-03,+3.298945E+00,-19.146E-03
-779.001E-03,+3.299837E+00,-19.146E-03
-778.001E-03,+3.300842E+00,-8.530E-03
-777.001E-03,+3.301847E+00,-33.656E-03
-776.001E-03,+3.298945E+00,-19.146E-03
-775.001E-03,+3.299837E+00,-14.686E-03
-774.001E-03,+3.299171E+00,-19.146E-03
-773.001E-03,+3.300063E+00,-19.146E-03
-772.001E-03,+3.298945E+00,-19.146E-03
-771.001E-03,+3.302073E+00,-19.146E-03
-770.001E-03,+3.299171E+00,-19.146E-03
-769.001E-03,+3.301847E+00,-24.736E-03
-768.001E-03,+3.302739E+00,-18.580E-03
-767.001E-03,+3.299837E+00,-3.505E-03
-766.001E-03,+3.298945E+00,-19.146E-03
-765.001E-03,+3.296043E+00,-19.146E-03
-764.001E-03,+3.298945E+00,-18.580E-03
-763.001E-03,+3.302965E+00,-19.146E-03
-762.001E-03,+3.283543E+00,-18.015E-03
-761.001E-03,+3.297161E+00,-19.146E-03
-760.001E-03,+3.302965E+00,-19.146E-03
-759.001E-03,+3.302965E+00,-3.505E-03
-758.001E-03,+3.301294E+00,-9.661E-03
-757.001E-03,+3.304749E+00,-19.146E-03
-756.001E-03,+3.302852E+00,-19.146E-03
-755.001E-03,+3.302965E+00,-19.146E-03
-754.001E-03,+3.301068E+00,-19.146E-03
-753.001E-03,+3.293141E+00,-19.146E-03
-752.001E-03,+3.299058E+00,-18.580E-03
-751.001E-03,+3.296708E+00,-3.505E-03
-750.001E-03,+3.298945E+00,-19.146E-03
-749.001E-03,+3.300063E+00,-13.555E-03
-748.001E-03,+3.298945E+00,-19.146E-03
-747.001E-03,+3.298945E+00,-14.686E-03
-746.001E-03,+3.304862E+00,-19.146E-03
-745.001E-03,+3.296043E+00,-24.736E-03
-744.001E-03,+3.299058E+00,+389E-06
-743.001E-03,+3.295816E+00,-19.146E-03
-742.001E-03,+3.300842E+00,-19.146E-03
-741.001E-03,+3.301181E+00,-4.636E-03
-740.001E-03,+3.299058E+00,+389E-06
-739.001E-03,+3.302073E+00,-34.786E-03
-738.001E-03,+3.296822E+00,-19.146E-03
-737.001E-03,+3.301847E+00,-13.555E-03
-736.001E-03,+3.302965E+00,-19.146E-03
-735.001E-03,+3.298053E+00,-19.146E-03
-734.001E-03,+3.300842E+00,-19.146E-03
-733.001E-03,+3.300729E+00,+955E-06
-732.001E-03,+3.302852E+00,-19.146E-03
-731.001E-03,+3.305201E+00,+955E-06
-730.001E-03,+3.305088E+00,-8.530E-03
-729.001E-03,+3.293141E+00,-19.146E-03
-728.001E-03,+3.294925E+00,+389E-06
-727.001E-03,+3.302073E+00,-14.686E-03
-726.001E-03,+3.300842E+00,-19.146E-03
-725.001E-03,+3.304083E+00,+955E-06
-724.001E-03,+3.302739E+00,+389E-06
-723.001E-03,+3.302073E+00,-19.146E-03
-722.001E-03,+3.305088E+00,-19.146E-03
-721.001E-03,+3.297161E+00,-19.146E-03
-720.001E-03,+3.302739E+00,-19.146E-03
-719.001E-03,+3.297600E+00,-19.146E-03
-718.001E-03,+3.297048E+00,-19.146E-03
-717.001E-03,+3.301847E+00,-13.555E-03
-716.001E-03,+3.302965E+00,-19.146E-03
-715.001E-03,+3.296708E+00,-19.146E-03
-714.001E-03,+3.301068E+00,-9.661E-03
-713.001E-03,+3.299610E+00,-4.636E-03
-712.001E-03,+3.295151E+00,+389E-06
-711.001E-03,+3.302073E+00,-19.146E-03
-710.001E-03,+3.301068E+00,-19.146E-03
-709.001E-03,+3.298945E+00,-24.736E-03
-708.001E-03,+3.291357E+00,-19.146E-03
-707.001E-03,+3.305201E+00,-19.146E-03
-706.001E-03,+3.300842E+00,-19.146E-03
-705.001E-03,+3.300729E+00,-13.555E-03
-704.001E-03,+3.294925E+00,+389E-06
-703.001E-03,+3.302965E+00,-19.146E-03
-702.001E-03,+3.300842E+00,-9.661E-03
-701.001E-03,+3.304749E+00,-19.146E-03
-700.001E-03,+3.298945E+00,-18.580E-03
-699.001E-03,+3.303857E+00,-19.146E-03
-698.001E-03,+3.294925E+00,+955E-06
-697.001E-03,+3.297161E+00,-4.636E-03
-696.001E-03,+3.302852E+00,-19.146E-03
-695.001E-03,+3.299837E+00,-19.146E-03
-694.001E-03,+3.304862E+00,-19.146E-03
-693.001E-03,+3.298945E+00,-19.146E-03
-692.001E-03,+3.302965E+00,-19.146E-03
-691.001E-03,+3.302073E+00,-19.146E-03
-690.001E-03,+3.298945E+00,-19.146E-03
-689.001E-03,+3.300063E+00,-13.555E-03
-688.001E-03,+3.302739E+00,-19.146E-03
-687.001E-03,+3.295816E+00,-19.146E-03
-686.001E-03,+3.300615E+00,-19.146E-03
-685.001E-03,+3.297827E+00,-4.636E-03
-684.001E-03,+3.302965E+00,-19.146E-03
-683.001E-03,+3.298945E+00,-19.146E-03
-682.001E-03,+3.301068E+00,-19.146E-03
-681.001E-03,+3.301181E+00,-10.226E-03
-680.001E-03,+3.299171E+00,-19.146E-03
-679.001E-03,+3.301181E+00,-19.146E-03
-678.001E-03,+3.299171E+00,-19.146E-03
-677.001E-03,+3.302965E+00,-19.146E-03
-676.001E-03,+3.299058E+00,+389E-06
-675.001E-03,+3.302073E+00,-19.146E-03
-674.001E-03,+3.302965E+00,-19.146E-03
-673.001E-03,+3.301847E+00,-13.555E-03
-672.001E-03,+3.298832E+00,+389E-06
-671.001E-03,+3.301181E+00,-3.505E-03
-670.001E-03,+3.299171E+00,-9.661E-03
-669.001E-03,+3.300729E+00,-13.555E-03
-668.001E-03,+3.298832E+00,+389E-06
-667.001E-03,+3.302965E+00,-19.146E-03
-666.001E-03,+3.297048E+00,-19.146E-03
-665.001E-03,+3.302965E+00,-19.146E-03
-664.001E-03,+3.302965E+00,+389E-06
-663.001E-03,+3.299837E+00,-19.146E-03
-662.001E-03,+3.302965E+00,-19.146E-03
-661.001E-03,+3.300063E+00,-13.555E-03
-660.001E-03,+3.298945E+00,-18.580E-03
-659.001E-03,+3.302073E+00,-19.146E-03
-658.001E-03,+3.302965E+00,-19.146E-03
-657.001E-03,+3.297161E+00,-13.555E-03
-656.001E-03,+3.298718E+00,-19.146E-03
-655.001E-03,+3.308329E+00,-19.146E-03
-654.001E-03,+3.298945E+00,-8.530E-03
-653.001E-03,+3.298945E+00,-4.636E-03
-652.001E-03,+3.302965E+00,-19.146E-03
-651.001E-03,+3.305201E+00,-14.686E-03
-650.001E-03,+3.298945E+00,-19.146E-03
-649.001E-03,+3.298945E+00,-19.146E-03
-648.001E-03,+3.299058E+00,-19.146E-03
-647.001E-03,+3.302965E+00,-14.686E-03
-646.001E-03,+3.304862E+00,-8.530E-03
-645.001E-03,+3.297827E+00,-19.146E-03
-644.001E-03,+3.298718E+00,-19.146E-03
-643.001E-03,+3.300289E+00,-19.146E-03
-642.001E-03,+3.305088E+00,-19.146E-03
-641.001E-03,+3.300729E+00,-13.555E-03
-640.001E-03,+3.302852E+00,-19.146E-03
-639.001E-03,+3.302073E+00,-19.146E-03
-638.001E-03,+3.301068E+00,-19.146E-03
-637.001E-03,+3.300063E+00,-19.146E-03
-636.001E-03,+3.302965E+00,-38.681E-03
-635.001E-03,+3.296708E+00,-19.146E-03
-634.001E-03,+3.293028E+00,-8.530E-03
-633.001E-03,+3.301847E+00,-19.146E-03
-632.001E-03,+3.294925E+00,-19.146E-03
-631.001E-03,+3.306093E+00,-19.146E-03
-630.001E-03,+3.298945E+00,-19.146E-03
-629.001E-03,+3.301847E+00,-19.146E-03
-628.001E-03,+3.306759E+00,+389E-06
-627.001E-03,+3.298053E+00,-14.686E-03
-626.001E-03,+3.300842E+00,+955E-06
-625.001E-03,+3.298945E+00,+955E-06
-624.001E-03,+3.299058E+00,-19.146E-03
-623.001E-03,+3.301181E+00,-14.686E-03
-622.001E-03,+3.298718E+00,-8.530E-03
-621.001E-03,+3.301847E+00,-4.636E-03
-620.001E-03,+3.302852E+00,-19.146E-03
-619.001E-03,+3.302965E+00,-3.505E-03
-618.001E-03,+3.301068E+00,-19.146E-03
-617.001E-03,+3.301847E+00,-19.146E-03
-616.001E-03,+3.302852E+00,-19.146E-03
-615.001E-03,+3.302073E+00,-19.146E-03
-614.001E-03,+3.302965E+00,-19.146E-03
-613.001E-03,+3.301181E+00,-19.146E-03
-612.001E-03,+3.294925E+00,-19.146E-03
-611.001E-03,+3.302073E+00,-34.786E-03
-610.001E-03,+3.300842E+00,-29.761E-03
-609.001E-03,+3.301847E+00,-19.146E-03
-608.001E-03,+3.299058E+00,+389E-06
-607.001E-03,+3.298945E+00,-14.686E-03
-606.001E-03,+3.298945E+00,-19.146E-03
-605.001E-03,+3.298945E+00,-19.146E-03
-604.001E-03,+3.298832E+00,-19.146E-03
-603.001E-03,+3.302073E+00,-19.146E-03
-602.001E-03,+3.300842E+00,-19.146E-03
-601.001E-03,+3.294259E+00,-19.146E-03
-600.001E-03,+3.299058E+00,-19.146E-03
-599.001E-03,+3.302073E+00,-19.146E-03
-598.001E-03,+3.297048E+00,-19.146E-03
-597.001E-03,+3.294259E+00,-4.636E-03
-596.001E-03,+3.299058E+00,-19.146E-03
-595.001E-03,+3.298945E+00,-19.146E-03
-594.001E-03,+3.300842E+00,-8.530E-03
-593.001E-03,+3.297161E+00,-4.636E-03
-592.001E-03,+3.299058E+00,-19.146E-03
-591.001E-03,+3.298945E+00,-23.606E-03
-590.001E-03,+3.296822E+00,-9.661E-03
-589.001E-03,+3.298945E+00,-13.555E-03
-588.001E-03,+3.295038E+00,-19.146E-03
-587.001E-03,+3.298945E+00,-3.505E-03
-586.001E-03,+3.296822E+00,-8.530E-03
-585.001E-03,+3.300063E+00,-19.146E-03
-584.001E-03,+3.298718E+00,-19.146E-03
-583.001E-03,+3.299837E+00,-30.327E-03
-582.001E-03,+3.302965E+00,+955E-06
-581.001E-03,+3.296043E+00,-19.146E-03
-580.001E-03,+3.302852E+00,-19.146E-03
-579.001E-03,+3.298053E+00,-14.686E-03
-578.001E-03,+3.301068E+00,-19.146E-03
-577.001E-03,+3.306319E+00,-19.146E-03
-576.001E-03,+3.302852E+00,-38.681E-03
-575.001E-03,+3.302073E+00,-19.146E-03
-574.001E-03,+3.302965E+00,-19.146E-03
-573.001E-03,+3.297161E+00,-4.636E-03
-572.001E-03,+3.298945E+00,-19.146E-03
-571.001E-03,+3.302965E+00,-14.686E-03
-570.001E-03,+3.298945E+00,-19.146E-03
-569.001E-03,+3.301847E+00,-13.555E-03
-568.001E-03,+3.299058E+00,-19.146E-03
-567.001E-03,+3.298945E+00,-19.146E-03
-566.001E-03,+3.298718E+00,+955E-06
-565.001E-03,+3.302965E+00,-19.146E-03
-564.001E-03,+3.299058E+00,-19.146E-03
-563.001E-03,+3.298053E+00,-14.686E-03
-562.001E-03,+3.301068E+00,-19.146E-03
-561.001E-03,+3.297161E+00,-4.636E-03
-560.001E-03,+3.287224E+00,-38.681E-03
-559.001E-03,+3.295816E+00,-3.505E-03
-558.001E-03,+3.298492E+00,-19.146E-03
-557.001E-03,+3.297827E+00,-19.146E-03
-556.001E-03,+3.299058E+00,-19.146E-03
-555.001E-03,+3.302965E+00,-19.146E-03
-554.001E-03,+3.298945E+00,-19.146E-03
-553.001E-03,+3.298945E+00,-19.146E-03
-552.001E-03,+3.295038E+00,-19.146E-03
-551.001E-03,+3.302965E+00,-14.686E-03
-550.001E-03,+3.315930E+00,-19.146E-03
-549.001E-03,+3.297827E+00,-19.146E-03
-548.001E-03,+3.298945E+00,-19.146E-03
-547.001E-03,+3.302965E+00,-19.146E-03
-546.001E-03,+3.302965E+00,-19.146E-03
-545.001E-03,+3.298945E+00,-19.146E-03
-544.001E-03,+3.302965E+00,+389E-06
-543.001E-03,+3.294925E+00,-19.146E-03
-542.001E-03,+3.301068E+00,-9.661E-03
-541.001E-03,+3.302965E+00,-19.146E-03
-540.001E-03,+3.295038E+00,-19.146E-03
-539.001E-03,+3.302965E+00,-19.146E-03
-538.001E-03,+3.302739E+00,-19.146E-03
-537.001E-03,+3.298945E+00,-19.146E-03
-536.001E-03,+3.322500E+00,+389E-06
-535.001E-03,+3.302073E+00,-19.146E-03
-534.001E-03,+3.311457E+00,+2.085E-03
-533.001E-03,+3.298945E+00,-19.146E-03
-532.001E-03,+3.298832E+00,-19.146E-03
-531.001E-03,+3.296708E+00,-19.146E-03
-530.001E-03,+3.300842E+00,-19.146E-03
-529.001E-03,+3.302965E+00,-19.146E-03
-528.001E-03,+3.302739E+00,-19.146E-03
-527.001E-03,+3.298945E+00,-19.146E-03
-526.001E-03,+3.302965E+00,-9.661E-03
-525.001E-03,+3.304083E+00,-19.146E-03
-524.001E-03,+3.294925E+00,-19.146E-03
-523.001E-03,+3.298945E+00,-19.146E-03
-522.001E-03,+3.298945E+00,-8.530E-03
-521.001E-03,+3.298945E+00,-19.146E-03
-520.001E-03,+3.299171E+00,-19.146E-03
-519.001E-03,+3.302965E+00,-19.146E-03
-518.001E-03,+3.302965E+00,-19.146E-03
-517.001E-03,+3.301181E+00,-19.146E-03
-516.001E-03,+3.298945E+00,-19.146E-03
-515.001E-03,+3.298053E+00,-19.146E-03
-514.001E-03,+3.300842E+00,-19.146E-03
-513.001E-03,+3.302965E+00,-4.636E-03
-512.001E-03,+3.291244E+00,+389E-06
-511.001E-03,+3.292688E+00,-19.146E-03
-510.001E-03,+3.296822E+00,-8.530E-03
-509.001E-03,+3.297161E+00,-19.146E-03
-508.001E-03,+3.299058E+00,-18.580E-03
-507.001E-03,+3.302073E+00,-19.146E-03
-506.001E-03,+3.302965E+00,-19.146E-03
-505.001E-03,+3.298945E+00,-19.146E-03
-504.001E-03,+3.302965E+00,-19.146E-03
-503.001E-03,+3.305201E+00,-34.786E-03
-502.001E-03,+3.301068E+00,-19.146E-03
-501.001E-03,+3.298945E+00,-19.146E-03
-500.001E-03,+3.302965E+00,-19.146E-03
-499.001E-03,+3.269460E+00,-34.786E-03
-498.001E-03,+3.300842E+00,-19.146E-03
-497.001E-03,+3.300063E+00,-19.146E-03
-496.001E-03,+3.306646E+00,-19.146E-03
-495.001E-03,+3.298053E+00,-14.686E-03
-494.001E-03,+3.301068E+00,-19.146E-03
-493.001E-03,+3.297161E+00,-4.636E-03
-492.001E-03,+3.298718E+00,+389E-06
-491.001E-03,+3.302965E+00,-19.146E-03
-490.001E-03,+3.302965E+00,-19.146E-03
-489.001E-03,+3.304083E+00,-19.146E-03
-488.001E-03,+3.295264E+00,-19.146E-03
-487.001E-03,+3.296708E+00,-19.146E-03
-486.001E-03,+3.306985E+00,-19.146E-03
-485.001E-03,+3.300063E+00,-4.636E-03
-484.001E-03,+3.302965E+00,-19.146E-03
-483.001E-03,+3.296708E+00,-19.146E-03
-482.001E-03,+3.292349E+00,-19.146E-03
-481.001E-03,+3.302965E+00,-19.146E-03
-480.001E-03,+3.302852E+00,-19.146E-03
-479.001E-03,+3.298945E+00,-3.505E-03
-478.001E-03,+3.301068E+00,-19.146E-03
-477.001E-03,+3.298945E+00,-4.636E-03
-476.001E-03,+3.298945E+00,-19.146E-03
-475.001E-03,+3.299837E+00,-19.146E-03
-474.001E-03,+3.298945E+00,-19.146E-03
-473.001E-03,+3.300729E+00,-19.146E-03
-472.001E-03,+3.310553E+00,+389E-06
-471.001E-03,+3.304309E+00,-19.146E-03
-470.001E-03,+3.300615E+00,-19.146E-03
-469.001E-03,+3.298945E+00,-13.555E-03
-468.001E-03,+3.298945E+00,-19.146E-03
-467.001E-03,+3.302073E+00,-19.146E-03
-466.001E-03,+3.298945E+00,-8.530E-03
-465.001E-03,+3.298945E+00,-19.146E-03
-464.001E-03,+3.302965E+00,-19.146E-03
-463.001E-03,+3.299837E+00,-19.146E-03
-462.001E-03,+3.301068E+00,-19.146E-03
-461.001E-03,+3.301181E+00,-19.146E-03
-460.001E-03,+3.298832E+00,-19.146E-03
-459.001E-03,+3.302073E+00,-19.146E-03
-458.001E-03,+3.300842E+00,-19.146E-03
-457.001E-03,+3.301847E+00,-19.146E-03
-456.001E-03,+3.295151E+00,-19.146E-03
-455.001E-03,+3.302073E+00,-19.146E-03
-454.001E-03,+3.302965E+00,-19.146E-03
-453.001E-03,+3.298945E+00,-19.146E-03
-452.001E-03,+3.302965E+00,-19.146E-03
-451.001E-03,+3.298945E+00,-14.686E-03
-450.001E-03,+3.297048E+00,-20.276E-03
-449.001E-03,+3.298945E+00,-4.636E-03
-448.001E-03,+3.294925E+00,-19.146E-03
-447.001E-03,+3.298945E+00,-19.146E-03
-446.001E-03,+3.302965E+00,-19.146E-03
-445.001E-03,+3.296043E+00,-19.146E-03
-444.001E-03,+3.299171E+00,-19.146E-03
-443.001E-03,+3.295816E+00,-19.146E-03
-442.001E-03,+3.299171E+00,-8.530E-03
-441.001E-03,+3.298945E+00,-13.555E-03
-440.001E-03,+3.271708E+00,-19.146E-03
-439.001E-03,+3.302073E+00,-3.505E-03
-438.001E-03,+3.300842E+00,-19.146E-03
-437.001E-03,+3.300063E+00,-19.146E-03
-436.001E-03,+3.298945E+00,-19.146E-03
-435.001E-03,+3.300289E+00,-19.146E-03
-434.001E-03,+3.302965E+00,-19.146E-03
-433.001E-03,+3.298945E+00,-19.146E-03
-432.001E-03,+3.302852E+00,-19.146E-03
-431.001E-03,+3.305201E+00,-14.686E-03
-430.001E-03,+3.298718E+00,-28.631E-03
-429.001E-03,+3.300729E+00,-13.555E-03
-428.001E-03,+3.302965E+00,-19.146E-03
-427.001E-03,+3.302965E+00,-19.146E-03
-426.001E-03,+3.297048E+00,-19.146E-03
-425.001E-03,+3.300063E+00,+955E-06
-424.001E-03,+3.298945E+00,-19.146E-03
-423.001E-03,+3.302073E+00,-19.146E-03
-422.001E-03,+3.300842E+00,-19.146E-03
-421.001E-03,+3.301847E+00,-4.636E-03
-420.001E-03,+3.302852E+00,-19.146E-03
-419.001E-03,+3.301181E+00,-19.146E-03
-418.001E-03,+3.298945E+00,-19.146E-03
-417.001E-03,+3.301847E+00,-19.146E-03
-416.001E-03,+3.298832E+00,-18.580E-03
-415.001E-03,+3.299837E+00,-19.146E-03
-414.001E-03,+3.298945E+00,-19.146E-03
-413.001E-03,+3.298945E+00,-19.146E-03
-412.001E-03,+3.302965E+00,-19.146E-03
-411.001E-03,+3.298945E+00,-19.146E-03
-410.001E-03,+3.297048E+00,-19.146E-03
-409.001E-03,+3.298945E+00,-19.146E-03
-408.001E-03,+3.295038E+00,+389E-06
-407.001E-03,+3.302965E+00,-14.686E-03
-406.001E-03,+3.298945E+00,-19.146E-03
-405.001E-03,+3.297161E+00,-4.636E-03
-404.001E-03,+3.299058E+00,-19.146E-03
-403.001E-03,+3.302965E+00,-19.146E-03
-402.001E-03,+3.301068E+00,-19.146E-03
-401.001E-03,+3.296708E+00,-13.555E-03
-400.001E-03,+3.298945E+00,+389E-06
-399.001E-03,+3.299837E+00,-19.146E-03
-398.001E-03,+3.298945E+00,-19.146E-03
-397.001E-03,+3.302299E+00,-19.146E-03
-396.001E-03,+3.294925E+00,-19.146E-03
-395.001E-03,+3.302073E+00,-19.146E-03
-394.001E-03,+3.296822E+00,-8.530E-03
-393.001E-03,+3.298945E+00,-19.146E-03
-392.001E-03,+3.298945E+00,+389E-06
-391.001E-03,+3.298945E+00,-14.686E-03
-390.001E-03,+3.299171E+00,-19.146E-03
-389.001E-03,+3.301847E+00,-19.146E-03
-388.001E-03,+3.294359E+00,-176E-06
-387.001E-03,+3.298945E+00,-19.146E-03
-386.001E-03,+3.306533E+00,-9.661E-03
-385.001E-03,+3.304749E+00,-19.146E-03
-384.001E-03,+3.299058E+00,-19.146E-03
-383.001E-03,+3.298053E+00,-14.686E-03
-382.001E-03,+3.300842E+00,-19.146E-03
-381.001E-03,+3.300063E+00,-19.146E-03
-380.001E-03,+3.287224E+00,-19.146E-03
-379.001E-03,+3.298053E+00,-19.146E-03
-378.001E-03,+3.297274E+00,-39.246E-03
-377.001E-03,+3.296043E+00,-13.555E-03
-376.001E-03,+3.302965E+00,-19.146E-03
-375.001E-03,+3.299837E+00,-19.146E-03
-374.001E-03,+3.300842E+00,-8.530E-03
-373.001E-03,+3.297161E+00,-4.636E-03
-372.001E-03,+3.298832E+00,-19.146E-03
-371.001E-03,+3.295816E+00,-3.505E-03
-370.001E-03,+3.302965E+00,-19.146E-03
-369.001E-03,+3.302965E+00,-19.146E-03
-368.001E-03,+3.299058E+00,-19.146E-03
-367.001E-03,+3.298053E+00,-14.686E-03
-366.001E-03,+3.300842E+00,-19.146E-03
-365.001E-03,+3.290239E+00,-19.146E-03
-364.001E-03,+3.295151E+00,+955E-06
-363.001E-03,+3.298945E+00,-14.686E-03
-362.001E-03,+3.297048E+00,-9.661E-03
-361.001E-03,+3.297827E+00,-13.555E-03
-360.001E-03,+3.298945E+00,-19.146E-03
-359.001E-03,+3.302512E+00,-19.146E-03
-358.001E-03,+3.301068E+00,-19.146E-03
-357.001E-03,+3.298945E+00,-19.146E-03
-356.001E-03,+3.302852E+00,-19.146E-03
-355.001E-03,+3.296269E+00,-19.146E-03
-354.001E-03,+3.294925E+00,-28.631E-03
-353.001E-03,+3.301847E+00,-19.146E-03
-352.001E-03,+3.295038E+00,-19.146E-03
-351.001E-03,+3.302073E+00,-19.146E-03
-350.001E-03,+3.297048E+00,-9.661E-03
-349.001E-03,+3.300063E+00,-13.555E-03
-348.001E-03,+3.299058E+00,+389E-06
-347.001E-03,+3.298053E+00,-19.146E-03
-346.001E-03,+3.300842E+00,-19.146E-03
-345.001E-03,+3.298945E+00,-13.555E-03
-344.001E-03,+3.298832E+00,-19.146E-03
-343.001E-03,+3.301181E+00,-3.505E-03
-342.001E-03,+3.294925E+00,-19.146E-03
-341.001E-03,+3.300729E+00,-13.555E-03
-340.001E-03,+3.310666E+00,-19.146E-03
-339.001E-03,+3.302073E+00,-19.146E-03
-338.001E-03,+3.276407E+00,-19.146E-03
-337.001E-03,+3.302965E+00,-4.636E-03
-336.001E-03,+3.295038E+00,-19.146E-03
-335.001E-03,+3.302073E+00,-19.146E-03
-334.001E-03,+3.297048E+00,-19.146E-03
-333.001E-03,+3.301181E+00,-4.636E-03
-332.001E-03,+3.295151E+00,-19.146E-03
-331.001E-03,+3.298053E+00,-19.146E-03
-330.001E-03,+3.300842E+00,-19.146E-03
-329.001E-03,+3.298945E+00,-19.146E-03
-328.001E-03,+3.299058E+00,-19.146E-03
-327.001E-03,+3.302965E+00,-19.146E-03
-326.001E-03,+3.302965E+00,-19.146E-03
-325.001E-03,+3.289120E+00,+3.147814E+00
-324.001E-03,+3.302739E+00,+3.176834E+00
-323.001E-03,+3.294925E+00,+3.172374E+00
-322.001E-03,+3.296822E+00,+3.176834E+00
-321.001E-03,+3.293806E+00,+3.171244E+00
-320.001E-03,+3.290904E+00,+3.157299E+00
-319.001E-03,+3.303857E+00,-19.146E-03
-318.001E-03,+3.301068E+00,-9.661E-03
-317.001E-03,+3.300063E+00,-4.636E-03
-316.001E-03,+3.291244E+00,+389E-06
-315.001E-03,+3.298945E+00,-19.146E-03
-314.001E-03,+3.300842E+00,-19.146E-03
-313.001E-03,+3.301847E+00,-19.146E-03
-312.001E-03,+3.298945E+00,-19.146E-03
-311.001E-03,+3.302965E+00,-19.146E-03
-310.001E-03,+3.298718E+00,-19.146E-03
-309.001E-03,+3.296043E+00,-13.555E-03
-308.001E-03,+3.302626E+00,-19.146E-03
-307.001E-03,+3.296708E+00,-3.505E-03
-306.001E-03,+3.298945E+00,-8.530E-03
-305.001E-03,+3.301847E+00,-19.146E-03
-304.001E-03,+3.295038E+00,+389E-06
-303.001E-03,+3.294925E+00,-19.146E-03
-302.001E-03,+3.302739E+00,-19.146E-03
-301.001E-03,+3.300063E+00,-19.146E-03
-300.001E-03,+3.299058E+00,-19.146E-03
-299.001E-03,+3.299837E+00,-19.146E-03
-298.001E-03,+3.300842E+00,-19.146E-03
-297.001E-03,+3.298945E+00,-4.636E-03
-296.001E-03,+3.298945E+00,-18.580E-03
-295.001E-03,+3.294925E+00,-19.146E-03
-294.001E-03,+3.301068E+00,-19.146E-03
-293.001E-03,+3.305867E+00,-19.146E-03
-292.001E-03,+3.295038E+00,+389E-06
-291.001E-03,+3.302965E+00,-19.146E-03
-290.001E-03,+3.296822E+00,-19.146E-03
-289.001E-03,+3.297161E+00,-19.146E-03
-288.001E-03,+3.302739E+00,-18.580E-03
-287.001E-03,+3.298053E+00,+955E-06
-286.001E-03,+3.307437E+00,-19.146E-03
-285.001E-03,+3.308342E+00,+955E-06
-284.001E-03,+3.298832E+00,+955E-06
-283.001E-03,+3.299837E+00,-19.146E-03
-282.001E-03,+3.298945E+00,-19.146E-03
-281.001E-03,+3.294925E+00,-4.636E-03
-280.001E-03,+3.294925E+00,+389E-06
-279.001E-03,+3.302073E+00,-19.146E-03
-278.001E-03,+3.297048E+00,-19.146E-03
-277.001E-03,+3.298945E+00,-19.146E-03
-276.001E-03,+3.306872E+00,-19.146E-03
-275.001E-03,+3.302965E+00,-19.146E-03
-274.001E-03,+3.301068E+00,-19.146E-03
-273.001E-03,+3.297161E+00,-19.146E-03
-272.001E-03,+3.298832E+00,-19.146E-03
-271.001E-03,+3.298945E+00,+955E-06
-270.001E-03,+3.299171E+00,-8.530E-03
-269.001E-03,+3.300729E+00,-19.146E-03
-268.001E-03,+3.302965E+00,-19.146E-03
-267.001E-03,+3.298945E+00,-19.146E-03
-266.001E-03,+3.300842E+00,-9.661E-03
-265.001E-03,+3.300063E+00,-19.146E-03
-264.001E-03,+3.302739E+00,-19.146E-03
-263.001E-03,+3.299837E+00,-19.146E-03
-262.001E-03,+3.299171E+00,-9.661E-03
-261.001E-03,+3.298945E+00,-19.146E-03
-260.001E-03,+3.295038E+00,-19.711E-03
-259.001E-03,+3.298945E+00,-19.146E-03
-258.001E-03,+3.301068E+00,-19.146E-03
-257.001E-03,+3.300063E+00,-19.146E-03
-256.001E-03,+3.302965E+00,+389E-06
-255.001E-03,+3.302965E+00,-19.146E-03
-254.001E-03,+3.298945E+00,-19.146E-03
-253.001E-03,+3.302965E+00,-19.146E-03
-252.001E-03,+3.299510E+00,-18.580E-03
-251.001E-03,+3.300289E+00,-19.146E-03
-250.001E-03,+3.279837E+00,-29.761E-03
-249.001E-03,+3.297161E+00,-4.636E-03
-248.001E-03,+3.299058E+00,-18.580E-03
-247.001E-03,+3.294485E+00,-23.606E-03
-246.001E-03,+3.305088E+00,-19.146E-03
-245.001E-03,+3.301847E+00,-19.146E-03
-244.001E-03,+3.299058E+00,-19.146E-03
-243.001E-03,+3.302965E+00,-19.146E-03
-242.001E-03,+3.302965E+00,-19.146E-03
-241.001E-03,+3.308342E+00,+955E-06
-240.001E-03,+3.294811E+00,-18.580E-03
-239.001E-03,+3.295816E+00,-19.146E-03
-238.001E-03,+3.300842E+00,-19.146E-03
-237.001E-03,+3.298945E+00,-19.146E-03
-236.001E-03,+3.298945E+00,-18.580E-03
-235.001E-03,+3.302965E+00,-3.505E-03
-234.001E-03,+3.299171E+00,-19.146E-03
-233.001E-03,+3.298945E+00,-19.146E-03
-232.001E-03,+3.302739E+00,-18.580E-03
-231.001E-03,+3.305201E+00,-3.505E-03
-230.001E-03,+3.298945E+00,-19.146E-03
-229.001E-03,+3.300063E+00,-19.146E-03
-228.001E-03,+3.302852E+00,-19.146E-03
-227.001E-03,+3.299837E+00,-19.146E-03
-226.001E-03,+3.301068E+00,-9.661E-03
-225.001E-03,+3.302965E+00,-19.146E-03
-224.001E-03,+3.302852E+00,+389E-06
-223.001E-03,+3.298053E+00,-19.146E-03
-222.001E-03,+3.298718E+00,-19.146E-03
-221.001E-03,+3.304749E+00,-24.736E-03
-220.001E-03,+3.303078E+00,-19.146E-03
-219.001E-03,+3.299837E+00,-14.686E-03
-218.001E-03,+3.299171E+00,-8.530E-03
-217.001E-03,+3.301847E+00,-19.146E-03
-216.001E-03,+3.298945E+00,-19.146E-03
-215.001E-03,+3.293593E+00,-19.146E-03
-214.001E-03,+3.302965E+00,-19.146E-03
-213.001E-03,+3.301847E+00,-13.555E-03
-212.001E-03,+3.295038E+00,+389E-06
-211.001E-03,+3.304309E+00,-19.146E-03
-210.001E-03,+3.301294E+00,-20.276E-03
-209.001E-03,+3.306319E+00,-19.146E-03
-208.001E-03,+3.295151E+00,-19.146E-03
-207.001E-03,+3.298945E+00,-19.146E-03
-206.001E-03,+3.301068E+00,-19.146E-03
-205.001E-03,+3.296043E+00,-19.146E-03
-204.001E-03,+3.306759E+00,-19.146E-03
-203.001E-03,+3.298945E+00,-19.146E-03
-202.001E-03,+3.298718E+00,-19.146E-03
-201.001E-03,+3.301847E+00,-19.146E-03
-200.001E-03,+3.295151E+00,+389E-06
-199.001E-03,+3.299837E+00,-3.505E-03
-198.001E-03,+3.296822E+00,-8.530E-03
-197.001E-03,+3.296043E+00,-19.146E-03
-196.001E-03,+3.294925E+00,-19.146E-03
-195.001E-03,+3.298945E+00,-34.786E-03
-194.001E-03,+3.296822E+00,-19.146E-03
-193.001E-03,+3.303631E+00,+955E-06
-192.001E-03,+3.299058E+00,-19.146E-03
-191.001E-03,+3.294925E+00,-3.505E-03
-190.001E-03,+3.294698E+00,-19.146E-03
-189.001E-03,+3.302965E+00,-19.146E-03
-188.001E-03,+3.298945E+00,+389E-06
-187.001E-03,+3.302073E+00,-19.146E-03
-186.001E-03,+3.298945E+00,-19.146E-03
-185.001E-03,+3.297161E+00,-4.636E-03
-184.001E-03,+3.291131E+00,+389E-06
-183.001E-03,+3.295816E+00,-3.505E-03
-182.001E-03,+3.298718E+00,-19.146E-03
-181.001E-03,+3.301847E+00,-19.146E-03
-180.001E-03,+3.302965E+00,+389E-06
-179.001E-03,+3.302965E+00,-19.146E-03
-178.001E-03,+3.298945E+00,-8.530E-03
-177.001E-03,+3.302965E+00,-19.146E-03
-176.001E-03,+3.299058E+00,-19.146E-03
-175.001E-03,+3.298945E+00,-19.146E-03
-174.001E-03,+3.296822E+00,-28.631E-03
-173.001E-03,+3.300729E+00,-19.146E-03
-172.001E-03,+3.302965E+00,-19.146E-03
-171.001E-03,+3.294925E+00,-14.686E-03
-170.001E-03,+3.302965E+00,-19.146E-03
-169.001E-03,+3.298945E+00,-4.636E-03
-168.001E-03,+3.298945E+00,-18.580E-03
-167.001E-03,+3.299837E+00,-19.146E-03
-166.001E-03,+3.298718E+00,-28.631E-03
-165.001E-03,+3.301847E+00,-33.656E-03
-164.001E-03,+3.299058E+00,-19.146E-03
-163.001E-03,+3.294485E+00,-23.606E-03
-162.001E-03,+3.298718E+00,-9.661E-03
-161.001E-03,+3.301181E+00,-19.146E-03
-160.001E-03,+3.302852E+00,-19.146E-03
-159.001E-03,+3.302073E+00,-19.146E-03
-158.001E-03,+3.301068E+00,-8.530E-03
-157.001E-03,+3.290239E+00,-10.226E-03
-156.001E-03,+3.302852E+00,-19.146E-03
-155.001E-03,+3.296708E+00,-3.505E-03
-154.001E-03,+3.298945E+00,-19.146E-03
-153.001E-03,+3.296043E+00,-19.146E-03
-152.001E-03,+3.299058E+00,-19.146E-03
-151.001E-03,+3.302965E+00,-3.505E-03
-150.001E-03,+3.302965E+00,-19.146E-03
-149.001E-03,+3.300729E+00,-4.636E-03
-148.001E-03,+3.298945E+00,-19.146E-03
-147.001E-03,+3.294485E+00,-23.606E-03
-146.001E-03,+3.293254E+00,-19.146E-03
-145.001E-03,+3.302965E+00,-19.146E-03
-144.001E-03,+3.297927E+00,-19.711E-03
-143.001E-03,+3.302073E+00,-19.146E-03
-142.001E-03,+3.300842E+00,-8.530E-03
-141.001E-03,+3.298945E+00,-19.146E-03
-140.001E-03,+3.295038E+00,-19.146E-03
-139.001E-03,+3.295816E+00,-19.146E-03
-138.001E-03,+3.301068E+00,-19.146E-03
-137.001E-03,+3.298945E+00,-19.146E-03
-136.001E-03,+3.299058E+00,-18.580E-03
-135.001E-03,+3.302073E+00,-19.146E-03
-134.001E-03,+3.298945E+00,-19.146E-03
-133.001E-03,+3.294925E+00,-13.555E-03
-132.001E-03,+3.302852E+00,-18.580E-03
-131.001E-03,+3.302073E+00,-19.146E-03
-130.001E-03,+3.299171E+00,-19.146E-03
-129.001E-03,+3.296043E+00,-19.146E-03
-128.001E-03,+3.298945E+00,-19.146E-03
-127.001E-03,+3.298945E+00,-19.146E-03
-126.001E-03,+3.302965E+00,-28.631E-03
-125.001E-03,+3.297161E+00,-19.146E-03
-124.001E-03,+3.295038E+00,-19.146E-03
-123.001E-03,+3.298945E+00,-19.146E-03
-122.001E-03,+3.302965E+00,-20.276E-03
-121.001E-03,+3.297827E+00,-13.555E-03
-120.001E-03,+3.302965E+00,-19.146E-03
-119.001E-03,+3.302073E+00,-19.146E-03
-118.001E-03,+3.298945E+00,-8.530E-03
-117.001E-03,+3.301847E+00,-19.146E-03
-116.001E-03,+3.295151E+00,+389E-06
-115.001E-03,+3.301181E+00,-19.146E-03
-114.001E-03,+3.298945E+00,-19.146E-03
-113.001E-03,+3.302965E+00,-19.146E-03
-112.001E-03,+3.295038E+00,-18.580E-03
-111.001E-03,+3.299837E+00,-14.686E-03
-110.001E-03,+3.301068E+00,-19.146E-03
-109.001E-03,+3.297161E+00,-19.146E-03
-108.001E-03,+3.295038E+00,+389E-06
-107.001E-03,+3.299837E+00,-19.146E-03
-106.001E-03,+3.301068E+00,-19.146E-03
-105.001E-03,+3.301847E+00,-24.736E-03
-104.001E-03,+3.302965E+00,+389E-06
-103.001E-03,+3.298053E+00,-14.686E-03
-102.001E-03,+3.293254E+00,-8.530E-03
-101.001E-03,+3.298945E+00,-19.146E-03
-100.001E-03,+3.291131E+00,-19.146E-03
-99.001E-03,+3.298945E+00,-19.146E-03
-98.001E-03,+3.306759E+00,+955E-06
-97.001E-03,+3.301847E+00,-19.146E-03
-96.001E-03,+3.299058E+00,-19.146E-03
-95.001E-03,+3.298945E+00,-19.146E-03
-94.001E-03,+3.302965E+00,-29.761E-03
-93.001E-03,+3.300063E+00,-13.555E-03
-92.001E-03,+3.302739E+00,-18.580E-03
-91.001E-03,+3.299384E+00,+955E-06
-90.001E-03,+3.298945E+00,-19.146E-03
-89.001E-03,+3.301847E+00,-19.146E-03
-88.001E-03,+3.302739E+00,-19.146E-03
-87.001E-03,+3.302965E+00,-19.146E-03
-86.001E-03,+3.302965E+00,-19.146E-03
-85.001E-03,+3.302965E+00,-19.146E-03
-84.001E-03,+3.299058E+00,-19.146E-03
-83.001E-03,+3.301181E+00,-19.146E-03
-82.001E-03,+3.301068E+00,-19.146E-03
-81.001E-03,+3.294259E+00,-19.146E-03
-80.001E-03,+3.302739E+00,-19.146E-03
-79.001E-03,+3.302073E+00,-19.146E-03
-78.001E-03,+3.298945E+00,-19.146E-03
-77.001E-03,+3.294259E+00,-13.555E-03
-76.001E-03,+3.302965E+00,-19.711E-03
-75.001E-03,+3.302073E+00,-19.146E-03
-74.001E-03,+3.300842E+00,-19.146E-03
-73.001E-03,+3.297161E+00,-13.555E-03
-72.001E-03,+3.298945E+00,-19.146E-03
-71.001E-03,+3.298945E+00,-19.146E-03
-70.001E-03,+3.300842E+00,-19.146E-03
-69.001E-03,+3.308769E+00,-13.555E-03
-68.001E-03,+3.298945E+00,+955E-06
-67.001E-03,+3.307437E+00,-19.146E-03
-66.001E-03,+3.303191E+00,-19.146E-03
-65.001E-03,+3.300063E+00,-13.555E-03
-64.001E-03,+3.298832E+00,-19.711E-03
-63.001E-03,+3.298945E+00,-19.146E-03
-62.001E-03,+3.296595E+00,-19.146E-03
-61.001E-03,+3.302965E+00,-19.146E-03
-60.001E-03,+3.298945E+00,+389E-06
-59.001E-03,+3.295816E+00,-19.146E-03
-58.001E-03,+3.297274E+00,-19.146E-03
-57.001E-03,+3.296043E+00,-4.636E-03
-56.001E-03,+3.298945E+00,-19.146E-03
-55.001E-03,+3.298945E+00,-3.505E-03
-54.001E-03,+3.299171E+00,-19.146E-03
-53.001E-03,+3.298945E+00,-19.146E-03
-52.001E-03,+3.302852E+00,-19.146E-03
-51.001E-03,+3.298945E+00,-19.146E-03
-50.001E-03,+3.296822E+00,-19.146E-03
-49.001E-03,+3.302965E+00,-19.146E-03
-48.001E-03,+3.298379E+00,-19.711E-03
-47.001E-03,+3.292688E+00,-19.146E-03
-46.001E-03,+3.301068E+00,-19.146E-03
-45.001E-03,+3.298945E+00,-19.146E-03
-44.001E-03,+3.295038E+00,-38.681E-03
-43.001E-03,+3.302965E+00,-19.146E-03
-42.001E-03,+3.304636E+00,-9.661E-03
-41.001E-03,+3.296043E+00,+955E-06
-40.001E-03,+3.295038E+00,-19.146E-03
-39.001E-03,+3.295816E+00,-19.146E-03
-38.001E-03,+3.301068E+00,-19.146E-03
-37.001E-03,+3.303631E+00,-19.146E-03
-36.001E-03,+3.294811E+00,-19.146E-03
-35.001E-03,+3.298945E+00,-19.146E-03
-34.001E-03,+3.302965E+00,-19.146E-03
-33.001E-03,+3.294925E+00,-4.636E-03
-32.001E-03,+3.299284E+00,-19.146E-03
-31.001E-03,+3.300729E+00,-19.146E-03
-30.001E-03,+3.290678E+00,-29.761E-03
-29.001E-03,+3.302965E+00,-19.146E-03
-28.001E-03,+3.303078E+00,-19.146E-03
-27.001E-03,+3.301181E+00,-14.686E-03
-26.001E-03,+3.295151E+00,-9.661E-03
-25.001E-03,+3.300063E+00,-19.146E-03
-24.001E-03,+3.306872E+00,-19.146E-03
-23.001E-03,+3.299837E+00,-23.606E-03
-22.001E-03,+3.300842E+00,-19.146E-03
-21.001E-03,+3.305653E+00,-13.555E-03
-20.001E-03,+3.299058E+00,-19.146E-03
-19.001E-03,+3.298945E+00,-19.146E-03
-18.001E-03,+3.302965E+00,-29.761E-03
-17.001E-03,+3.301181E+00,-19.146E-03
-16.001E-03,+3.295038E+00,-19.146E-03
-15.001E-03,+3.299837E+00,-19.146E-03
-14.001E-03,+3.301068E+00,-19.146E-03
-13.001E-03,+3.301847E+00,-19.146E-03
-12.001E-03,+3.298832E+00,-19.146E-03
-11.001E-03,+3.298945E+00,-19.146E-03
-10.001E-03,+3.298945E+00,-19.146E-03
-9.001E-03,+3.301847E+00,-19.146E-03
-8.001E-03,+3.302965E+00,-19.146E-03
-7.001E-03,+3.302073E+00,-19.146E-03
-6.001E-03,+3.301068E+00,-9.661E-03
-5.001E-03,+3.297161E+00,-19.146E-03
-4.001E-03,+3.294925E+00,-18.580E-03
-3.001E-03,+3.299837E+00,-19.146E-03
-2.001E-03,+3.298945E+00,-19.146E-03
-1.001E-03,+3.300063E+00,-19.146E-03
-1E-06,+3.298945E+00,-18.580E-03
+999E-06,+3.298053E+00,-14.686E-03
+1.999E-03,+3.298945E+00,-9.661E-03
+2.999E-03,+3.321495E+00,+15.465E-03
+3.999E-03,+3.298945E+00,-19.146E-03
+4.999E-03,+3.301181E+00,-14.686E-03
+5.999E-03,+3.300389E+00,-19.146E-03
+6.999E-03,+3.296043E+00,-19.146E-03
+7.999E-03,+3.300188E+00,-18.580E-03
+8.999E-03,+3.299837E+00,-3.505E-03
+9.999E-03,+3.294925E+00,-19.146E-03
+10.999E-03,+3.298945E+00,-13.555E-03
+11.999E-03,+3.302852E+00,-19.146E-03
+12.999E-03,+3.298945E+00,-19.146E-03
+13.999E-03,+3.304862E+00,-28.631E-03
+14.999E-03,+3.297161E+00,+955E-06
+15.999E-03,+3.298945E+00,-19.146E-03
+16.999E-03,+3.298945E+00,-19.146E-03
+17.999E-03,+3.298945E+00,-19.146E-03
+18.999E-03,+3.296043E+00,-19.146E-03
+19.999E-03,+3.302852E+00,-19.146E-03
+20.999E-03,+3.302965E+00,-19.146E-03
+21.999E-03,+3.298945E+00,-29.761E-03
+22.999E-03,+3.296043E+00,-19.146E-03
+23.999E-03,+3.302852E+00,-19.146E-03
+24.999E-03,+3.296708E+00,+955E-06
+25.999E-03,+3.302739E+00,-9.661E-03
+26.999E-03,+3.302965E+00,-13.555E-03
+27.999E-03,+3.299058E+00,-19.146E-03
+28.999E-03,+3.295816E+00,-3.505E-03
+29.999E-03,+3.302965E+00,-19.146E-03
+30.999E-03,+3.302965E+00,-19.146E-03
+31.999E-03,+3.302626E+00,-19.146E-03
+32.999E-03,+3.305201E+00,-3.505E-03
+33.999E-03,+3.302965E+00,-19.146E-03
+34.999E-03,+3.296708E+00,-19.146E-03
+35.999E-03,+3.295038E+00,-38.681E-03
+36.999E-03,+3.298945E+00,-14.686E-03
+37.999E-03,+3.302965E+00,-9.661E-03
+38.999E-03,+3.296043E+00,-19.146E-03
+39.999E-03,+3.302739E+00,-18.580E-03
+40.999E-03,+3.302073E+00,-19.146E-03
+41.999E-03,+3.295151E+00,-9.661E-03
+42.999E-03,+3.301847E+00,-19.146E-03
+43.999E-03,+3.299058E+00,-19.146E-03
+44.999E-03,+3.299837E+00,-19.146E-03
+45.999E-03,+3.302965E+00,-19.146E-03
+46.999E-03,+3.300063E+00,-13.555E-03
+47.999E-03,+3.314686E+00,+955E-06
+48.999E-03,+3.302073E+00,-19.146E-03
+49.999E-03,+3.294925E+00,-19.146E-03
+50.999E-03,+3.300063E+00,-19.146E-03
+51.999E-03,+3.298945E+00,-19.146E-03
+52.999E-03,+3.298945E+00,-19.146E-03
+53.999E-03,+3.307211E+00,-19.146E-03
+54.999E-03,+3.305867E+00,-19.146E-03
+55.999E-03,+3.302852E+00,-19.146E-03
+56.999E-03,+3.299837E+00,-19.146E-03
+57.999E-03,+3.301068E+00,-19.146E-03
+58.999E-03,+3.301847E+00,-13.555E-03
+59.999E-03,+3.298945E+00,-19.146E-03
+60.999E-03,+3.298945E+00,-19.146E-03
+61.999E-03,+3.302965E+00,-19.146E-03
+62.999E-03,+3.302965E+00,-19.146E-03
+63.999E-03,+3.298832E+00,-19.146E-03
+64.999E-03,+3.302073E+00,-19.146E-03
+65.999E-03,+3.301068E+00,-19.146E-03
+66.999E-03,+3.301181E+00,-19.146E-03
+67.999E-03,+3.295038E+00,-19.146E-03
+68.999E-03,+3.303857E+00,-3.505E-03
+69.999E-03,+3.294925E+00,-9.661E-03
+70.999E-03,+3.300063E+00,-19.146E-03
+71.999E-03,+3.302965E+00,-19.711E-03
+72.999E-03,+3.295816E+00,-19.146E-03
+73.999E-03,+3.297048E+00,-9.661E-03
+74.999E-03,+3.302965E+00,-19.146E-03
+75.999E-03,+3.310553E+00,-19.146E-03
+76.999E-03,+3.312349E+00,-3.505E-03
+77.999E-03,+3.301068E+00,-19.146E-03
+78.999E-03,+3.298945E+00,-19.146E-03
+79.999E-03,+3.302852E+00,-19.146E-03
+80.999E-03,+3.298053E+00,-14.686E-03
+81.999E-03,+3.301068E+00,-9.661E-03
+82.999E-03,+3.296043E+00,-13.555E-03
+83.999E-03,+3.298945E+00,-19.146E-03
+84.999E-03,+3.299837E+00,-19.146E-03
+85.999E-03,+3.302965E+00,-8.530E-03
+86.999E-03,+3.300063E+00,-19.146E-03
+87.999E-03,+3.295038E+00,-19.146E-03
+88.999E-03,+3.299837E+00,-14.686E-03
+89.999E-03,+3.298945E+00,-19.146E-03
+90.999E-03,+3.296043E+00,-19.146E-03
+91.999E-03,+3.302965E+00,-18.580E-03
+92.999E-03,+3.298053E+00,-14.686E-03
+93.999E-03,+3.297048E+00,-9.661E-03
+94.999E-03,+3.300063E+00,-19.146E-03
+95.999E-03,+3.302852E+00,-38.681E-03
+96.999E-03,+3.299837E+00,-34.786E-03
+97.999E-03,+3.302965E+00,-19.146E-03
+98.999E-03,+3.300063E+00,-19.146E-03
+99.999E-03,+3.298945E+00,-19.146E-03
+100.999E-03,+3.294925E+00,-14.686E-03
+101.999E-03,+3.300842E+00,-19.146E-03
+102.999E-03,+3.297827E+00,-19.146E-03
+103.999E-03,+3.298945E+00,-19.146E-03
+104.999E-03,+3.302073E+00,-19.146E-03
+105.999E-03,+3.295151E+00,-19.146E-03
+106.999E-03,+3.298945E+00,-19.146E-03
+107.999E-03,+3.291131E+00,+389E-06
+108.999E-03,+3.301181E+00,-14.686E-03
+109.999E-03,+3.299171E+00,-19.146E-03
+110.999E-03,+3.300729E+00,-19.146E-03
+111.999E-03,+3.240226E+00,-19.146E-03
+112.999E-03,+3.298945E+00,-19.146E-03
+113.999E-03,+3.298945E+00,-19.146E-03
+114.999E-03,+3.298945E+00,-19.146E-03
+115.999E-03,+3.298945E+00,-19.146E-03
+116.999E-03,+3.298053E+00,-3.505E-03
+117.999E-03,+3.301068E+00,-19.146E-03
+118.999E-03,+3.313028E+00,-13.555E-03
+119.999E-03,+3.298945E+00,-19.146E-03
+120.999E-03,+3.298945E+00,-19.146E-03
+121.999E-03,+3.301068E+00,-19.146E-03
+122.999E-03,+3.296708E+00,-19.146E-03
+123.999E-03,+3.302965E+00,-19.146E-03
+124.999E-03,+3.302073E+00,-19.146E-03
+125.999E-03,+3.298945E+00,+955E-06
+126.999E-03,+3.294259E+00,-19.146E-03
+127.999E-03,+3.295038E+00,+389E-06
+128.999E-03,+3.294925E+00,-14.686E-03
+129.999E-03,+3.299171E+00,-19.146E-03
+130.999E-03,+3.298945E+00,-19.146E-03
+131.999E-03,+3.298945E+00,-19.146E-03
+132.999E-03,+3.302965E+00,-19.146E-03
+133.999E-03,+3.299171E+00,-19.146E-03
+134.999E-03,+3.302965E+00,-19.146E-03
+135.999E-03,+3.302965E+00,-19.146E-03
+136.999E-03,+3.302073E+00,-19.146E-03
+137.999E-03,+3.294698E+00,-19.146E-03
+138.999E-03,+3.309435E+00,-4.636E-03
+139.999E-03,+3.299058E+00,-19.146E-03
+140.999E-03,+3.298053E+00,-14.686E-03
+141.999E-03,+3.299171E+00,-19.146E-03
+142.999E-03,+3.300063E+00,-19.146E-03
+143.999E-03,+3.298832E+00,-19.146E-03
+144.999E-03,+3.301181E+00,-3.505E-03
+145.999E-03,+3.298945E+00,-19.146E-03
+146.999E-03,+3.292023E+00,+955E-06
+147.999E-03,+3.295377E+00,-176E-06
+148.999E-03,+3.298945E+00,-19.146E-03
+149.999E-03,+3.300842E+00,-19.146E-03
+150.999E-03,+3.300063E+00,-19.146E-03
+151.999E-03,+3.306872E+00,+389E-06
+152.999E-03,+3.298053E+00,-14.686E-03
+153.999E-03,+3.296822E+00,-19.146E-03
+154.999E-03,+3.294925E+00,-13.555E-03
+155.999E-03,+3.295264E+00,-18.580E-03
+156.999E-03,+3.298053E+00,-19.146E-03
+157.999E-03,+3.311457E+00,-8.530E-03
+158.999E-03,+3.298945E+00,-19.146E-03
+159.999E-03,+3.299058E+00,-19.146E-03
+160.999E-03,+3.299837E+00,-19.146E-03
+161.999E-03,+3.294925E+00,+955E-06
+162.999E-03,+3.292236E+00,-19.146E-03
+163.999E-03,+3.295038E+00,+389E-06
+164.999E-03,+3.302073E+00,-19.146E-03
+165.999E-03,+3.305088E+00,-19.146E-03
+166.999E-03,+3.301847E+00,-19.146E-03
+167.999E-03,+3.295151E+00,-19.146E-03
+168.999E-03,+3.299837E+00,-19.146E-03
+169.999E-03,+3.297048E+00,-20.276E-03
+170.999E-03,+3.300063E+00,-19.146E-03
+171.999E-03,+3.298945E+00,-19.146E-03
+172.999E-03,+3.293580E+00,-19.146E-03
+173.999E-03,+3.300842E+00,-19.146E-03
+174.999E-03,+3.301847E+00,-4.636E-03
+175.999E-03,+3.302965E+00,-38.681E-03
+176.999E-03,+3.302073E+00,-19.146E-03
+177.999E-03,+3.298945E+00,-19.146E-03
+178.999E-03,+3.298945E+00,-19.146E-03
+179.999E-03,+3.302852E+00,-19.146E-03
+180.999E-03,+3.295816E+00,-19.146E-03
+181.999E-03,+3.298945E+00,-19.146E-03
+182.999E-03,+3.298945E+00,-13.555E-03
+183.999E-03,+3.294925E+00,-18.580E-03
+184.999E-03,+3.298945E+00,-3.505E-03
+185.999E-03,+3.304862E+00,-9.661E-03
+186.999E-03,+3.298945E+00,-19.146E-03
+187.999E-03,+3.299058E+00,-19.146E-03
+188.999E-03,+3.295816E+00,-14.686E-03
+189.999E-03,+3.301068E+00,-19.146E-03
+190.999E-03,+3.296043E+00,-19.146E-03
+191.999E-03,+3.302852E+00,-19.146E-03
+192.999E-03,+3.298053E+00,+955E-06
+193.999E-03,+3.301294E+00,-19.146E-03
+194.999E-03,+3.301847E+00,-4.636E-03
+195.999E-03,+3.298832E+00,-19.146E-03
+196.999E-03,+3.299837E+00,-3.505E-03
+197.999E-03,+3.297274E+00,-19.146E-03
+198.999E-03,+3.301847E+00,-19.146E-03
+199.999E-03,+3.310666E+00,-18.580E-03
+200.999E-03,+3.302073E+00,-19.146E-03
+201.999E-03,+3.303191E+00,-28.631E-03
+202.999E-03,+3.301847E+00,-19.146E-03
+203.999E-03,+3.298832E+00,-19.146E-03
+204.999E-03,+3.302965E+00,-14.686E-03
+205.999E-03,+3.301068E+00,-9.661E-03
+206.999E-03,+3.298945E+00,-19.146E-03
+207.999E-03,+3.302965E+00,-19.146E-03
+208.999E-03,+3.298945E+00,-14.686E-03
+209.999E-03,+3.298718E+00,-19.146E-03
+210.999E-03,+3.297827E+00,-19.146E-03
+211.999E-03,+3.291357E+00,-19.146E-03
+212.999E-03,+3.298945E+00,-23.606E-03
+213.999E-03,+3.303191E+00,-9.661E-03
+214.999E-03,+3.301847E+00,-19.146E-03
+215.999E-03,+3.298718E+00,-19.146E-03
+216.999E-03,+3.295816E+00,-19.146E-03
+217.999E-03,+3.298718E+00,-19.146E-03
+218.999E-03,+3.301847E+00,-19.146E-03
+219.999E-03,+3.298945E+00,-19.146E-03
+220.999E-03,+3.299837E+00,-19.146E-03
+221.999E-03,+3.302965E+00,-19.146E-03
+222.999E-03,+3.298945E+00,-19.146E-03
+223.999E-03,+3.298945E+00,-19.146E-03
+224.999E-03,+3.302965E+00,-14.686E-03
+225.999E-03,+3.297048E+00,-19.146E-03
+226.999E-03,+3.297827E+00,-4.636E-03
+227.999E-03,+3.295038E+00,+389E-06
+228.999E-03,+3.295816E+00,-3.505E-03
+229.999E-03,+3.297048E+00,-19.146E-03
+230.999E-03,+3.301847E+00,-4.636E-03
+231.999E-03,+3.302965E+00,-19.146E-03
+232.999E-03,+3.302965E+00,-19.146E-03
+233.999E-03,+3.302965E+00,-8.530E-03
+234.999E-03,+3.299610E+00,-19.146E-03
+235.999E-03,+3.302852E+00,-19.146E-03
+236.999E-03,+3.302073E+00,-19.146E-03
+237.999E-03,+3.302965E+00,-19.146E-03
+238.999E-03,+3.300063E+00,-19.146E-03
+239.999E-03,+3.299058E+00,+389E-06
+240.999E-03,+3.296708E+00,-19.146E-03
+241.999E-03,+3.298945E+00,-9.661E-03
+242.999E-03,+3.297827E+00,-13.555E-03
+243.999E-03,+3.302852E+00,-19.146E-03
+244.999E-03,+3.302965E+00,-14.686E-03
+245.999E-03,+3.301068E+00,-19.146E-03
+246.999E-03,+3.297161E+00,-4.636E-03
+247.999E-03,+3.298945E+00,-19.146E-03
+248.999E-03,+3.300729E+00,-19.146E-03
+249.999E-03,+3.298718E+00,-19.146E-03
+250.999E-03,+3.298945E+00,-19.146E-03
+251.999E-03,+3.302965E+00,-19.146E-03
+252.999E-03,+3.298945E+00,-19.146E-03
+253.999E-03,+3.298945E+00,-19.146E-03
+254.999E-03,+3.296043E+00,-19.146E-03
+255.999E-03,+3.302965E+00,-18.580E-03
+256.999E-03,+3.302965E+00,-19.146E-03
+257.999E-03,+3.302965E+00,-19.146E-03
+258.999E-03,+3.302965E+00,-19.146E-03
+259.999E-03,+3.298832E+00,-19.146E-03
+260.999E-03,+3.302073E+00,-19.146E-03
+261.999E-03,+3.295151E+00,-9.661E-03
+262.999E-03,+3.300063E+00,-13.555E-03
+263.999E-03,+3.302965E+00,-19.146E-03
+264.999E-03,+3.301181E+00,-3.505E-03
+265.999E-03,+3.302965E+00,-19.146E-03
+266.999E-03,+3.294259E+00,-19.146E-03
+267.999E-03,+3.306759E+00,-19.146E-03
+268.999E-03,+3.302073E+00,-19.146E-03
+269.999E-03,+3.299171E+00,-19.146E-03
+270.999E-03,+3.300063E+00,-19.146E-03
+271.999E-03,+3.302852E+00,-18.580E-03
+272.999E-03,+3.298945E+00,-19.146E-03
+273.999E-03,+3.300842E+00,-19.146E-03
+274.999E-03,+3.301847E+00,-19.146E-03
+275.999E-03,+3.298945E+00,+955E-06
+276.999E-03,+3.299837E+00,-30.327E-03
+277.999E-03,+3.298945E+00,-9.661E-03
+278.999E-03,+3.298945E+00,-4.636E-03
+279.999E-03,+3.302852E+00,+389E-06
+280.999E-03,+3.298945E+00,-3.505E-03
+281.999E-03,+3.301068E+00,-19.146E-03
+282.999E-03,+3.296708E+00,-13.555E-03
+283.999E-03,+3.298718E+00,-18.580E-03
+284.999E-03,+3.295816E+00,-14.686E-03
+285.999E-03,+3.298945E+00,-19.146E-03
+286.999E-03,+3.296043E+00,-19.146E-03
+287.999E-03,+3.298945E+00,-19.146E-03
+288.999E-03,+3.297600E+00,-19.146E-03
+289.999E-03,+3.300842E+00,-19.146E-03
+290.999E-03,+3.296043E+00,-19.146E-03
+291.999E-03,+3.302852E+00,-19.146E-03
+292.999E-03,+3.298053E+00,-19.146E-03
+293.999E-03,+3.302739E+00,-19.146E-03
+294.999E-03,+3.300063E+00,-19.146E-03
+295.999E-03,+3.303078E+00,-19.146E-03
+296.999E-03,+3.302965E+00,-19.146E-03
+297.999E-03,+3.298945E+00,-9.661E-03
+298.999E-03,+3.302965E+00,-19.146E-03
+299.999E-03,+3.302852E+00,-18.580E-03
+300.999E-03,+3.298945E+00,-3.505E-03
+301.999E-03,+3.297048E+00,-9.661E-03
+302.999E-03,+3.302965E+00,-19.146E-03
+303.999E-03,+3.302739E+00,+389E-06
+304.999E-03,+3.298945E+00,-23.606E-03
+305.999E-03,+3.300842E+00,-19.146E-03
+306.999E-03,+3.302965E+00,-4.636E-03
+307.999E-03,+3.307437E+00,-18.580E-03
+308.999E-03,+3.299837E+00,-19.146E-03
+309.999E-03,+3.295151E+00,+3.167349E+00
+310.999E-03,+3.292688E+00,+3.151143E+00
+311.999E-03,+3.291017E+00,+3.157299E+00
+312.999E-03,+3.288668E+00,+3.145553E+00
+313.999E-03,+3.292801E+00,+3.176834E+00
+314.999E-03,+3.292023E+00,+3.171244E+00
+315.999E-03,+3.302852E+00,-19.146E-03
+316.999E-03,+3.308329E+00,-19.146E-03
+317.999E-03,+3.300842E+00,-8.530E-03
+318.999E-03,+3.298945E+00,-19.146E-03
+319.999E-03,+3.299058E+00,-19.711E-03
+320.999E-03,+3.300289E+00,-19.146E-03
+321.999E-03,+3.301068E+00,-8.530E-03
+322.999E-03,+3.300063E+00,-19.146E-03
+323.999E-03,+3.298945E+00,+389E-06
+324.999E-03,+3.296708E+00,-14.686E-03
+325.999E-03,+3.300842E+00,-28.631E-03
+326.999E-03,+3.300063E+00,-19.146E-03
+327.999E-03,+3.295038E+00,+389E-06
+328.999E-03,+3.299837E+00,-19.146E-03
+329.999E-03,+3.298718E+00,-9.661E-03
+330.999E-03,+3.297827E+00,-13.555E-03
+331.999E-03,+3.298945E+00,-19.146E-03
+332.999E-03,+3.299837E+00,-19.146E-03
+333.999E-03,+3.296822E+00,-19.146E-03
+334.999E-03,+3.305653E+00,+6.545E-03
+335.999E-03,+3.298945E+00,-19.146E-03
+336.999E-03,+3.302073E+00,-19.146E-03
+337.999E-03,+3.294925E+00,-9.661E-03
+338.999E-03,+3.301847E+00,-19.146E-03
+339.999E-03,+3.302173E+00,-19.711E-03
+340.999E-03,+3.303857E+00,-14.686E-03
+341.999E-03,+3.298945E+00,-19.146E-03
+342.999E-03,+3.302965E+00,-13.555E-03
+343.999E-03,+3.306646E+00,-18.580E-03
+344.999E-03,+3.299837E+00,-19.146E-03
+345.999E-03,+3.301068E+00,-19.146E-03
+346.999E-03,+3.298945E+00,-19.146E-03
+347.999E-03,+3.298718E+00,-19.146E-03
+348.999E-03,+3.298053E+00,-19.146E-03
+349.999E-03,+3.298945E+00,-19.146E-03
+350.999E-03,+3.304083E+00,-4.636E-03
+351.999E-03,+3.298945E+00,+389E-06
+352.999E-03,+3.298945E+00,-19.146E-03
+353.999E-03,+3.290226E+00,-29.761E-03
+354.999E-03,+3.293141E+00,-19.146E-03
+355.999E-03,+3.298832E+00,-19.146E-03
+356.999E-03,+3.300729E+00,-14.686E-03
+357.999E-03,+3.302739E+00,-19.146E-03
+358.999E-03,+3.300729E+00,-19.146E-03
+359.999E-03,+3.299058E+00,-19.146E-03
+360.999E-03,+3.296708E+00,-3.505E-03
+361.999E-03,+3.301068E+00,-19.146E-03
+362.999E-03,+3.300729E+00,-19.146E-03
+363.999E-03,+3.299058E+00,-19.146E-03
+364.999E-03,+3.300729E+00,-19.146E-03
+365.999E-03,+3.300842E+00,-19.146E-03
+366.999E-03,+3.302965E+00,-19.146E-03
+367.999E-03,+3.302852E+00,-19.146E-03
+368.999E-03,+3.299837E+00,-19.146E-03
+369.999E-03,+3.298718E+00,-28.631E-03
+370.999E-03,+3.300063E+00,-19.146E-03
+371.999E-03,+3.302852E+00,-19.146E-03
+372.999E-03,+3.299837E+00,-19.146E-03
+373.999E-03,+3.298945E+00,-29.761E-03
+374.999E-03,+3.302965E+00,-19.146E-03
+375.999E-03,+3.299058E+00,-18.580E-03
+376.999E-03,+3.296708E+00,-19.146E-03
+377.999E-03,+3.298945E+00,-9.661E-03
+378.999E-03,+3.297161E+00,-4.636E-03
+379.999E-03,+3.298832E+00,-18.580E-03
+380.999E-03,+3.302965E+00,-19.146E-03
+381.999E-03,+3.301068E+00,-8.530E-03
+382.999E-03,+3.296043E+00,-4.636E-03
+383.999E-03,+3.302852E+00,-18.580E-03
+384.999E-03,+3.298945E+00,-14.686E-03
+385.999E-03,+3.300842E+00,-19.146E-03
+386.999E-03,+3.301847E+00,-19.146E-03
+387.999E-03,+3.298945E+00,-19.146E-03
+388.999E-03,+3.298945E+00,-14.686E-03
+389.999E-03,+3.302965E+00,-19.146E-03
+390.999E-03,+3.297161E+00,-19.146E-03
+391.999E-03,+3.298945E+00,-19.146E-03
+392.999E-03,+3.303857E+00,-19.146E-03
+393.999E-03,+3.298718E+00,-19.146E-03
+394.999E-03,+3.296043E+00,-19.146E-03
+395.999E-03,+3.298945E+00,-18.580E-03
+396.999E-03,+3.306093E+00,-19.146E-03
+397.999E-03,+3.297274E+00,-9.661E-03
+398.999E-03,+3.301847E+00,-19.146E-03
+399.999E-03,+3.295151E+00,-19.146E-03
+400.999E-03,+3.306093E+00,-19.146E-03
+401.999E-03,+3.305088E+00,-19.146E-03
+402.999E-03,+3.301847E+00,-19.146E-03
+403.999E-03,+3.294925E+00,-19.146E-03
+404.999E-03,+3.298053E+00,-19.146E-03
+405.999E-03,+3.299171E+00,-9.661E-03
+406.999E-03,+3.304083E+00,-19.146E-03
+407.999E-03,+3.302965E+00,-19.146E-03
+408.999E-03,+3.302073E+00,-19.146E-03
+409.999E-03,+3.296822E+00,-19.146E-03
+410.999E-03,+3.293141E+00,-4.636E-03
+411.999E-03,+3.302852E+00,-19.146E-03
+412.999E-03,+3.295816E+00,-19.146E-03
+413.999E-03,+3.298945E+00,-28.631E-03
+414.999E-03,+3.297827E+00,+955E-06
+415.999E-03,+3.303530E+00,-18.580E-03
+416.999E-03,+3.298053E+00,-14.686E-03
+417.999E-03,+3.295151E+00,-19.146E-03
+418.999E-03,+3.298945E+00,-4.636E-03
+419.999E-03,+3.302739E+00,-19.146E-03
+420.999E-03,+3.302965E+00,-3.505E-03
+421.999E-03,+3.298945E+00,-9.661E-03
+422.999E-03,+3.297827E+00,-4.636E-03
+423.999E-03,+3.299058E+00,-19.146E-03
+424.999E-03,+3.295816E+00,-19.146E-03
+425.999E-03,+3.295377E+00,-19.146E-03
+426.999E-03,+3.298945E+00,-19.146E-03
+427.999E-03,+3.302965E+00,+389E-06
+428.999E-03,+3.298053E+00,-14.686E-03
+429.999E-03,+3.301068E+00,-19.146E-03
+430.999E-03,+3.300063E+00,-19.146E-03
+431.999E-03,+3.298832E+00,-19.146E-03
+432.999E-03,+3.302965E+00,-19.146E-03
+433.999E-03,+3.298718E+00,-8.530E-03
+434.999E-03,+3.298945E+00,-19.146E-03
+435.999E-03,+3.302852E+00,-19.146E-03
+436.999E-03,+3.302965E+00,-19.146E-03
+437.999E-03,+3.303191E+00,-19.146E-03
+438.999E-03,+3.300063E+00,-4.636E-03
+439.999E-03,+3.302739E+00,+389E-06
+440.999E-03,+3.298945E+00,-19.146E-03
+441.999E-03,+3.298945E+00,-19.146E-03
+442.999E-03,+3.294925E+00,-13.555E-03
+443.999E-03,+3.298945E+00,-19.146E-03
+444.999E-03,+3.302073E+00,-19.146E-03
+445.999E-03,+3.292801E+00,-8.530E-03
+446.999E-03,+3.299610E+00,-19.146E-03
+447.999E-03,+3.302852E+00,-19.146E-03
+448.999E-03,+3.299837E+00,-19.146E-03
+449.999E-03,+3.298945E+00,-19.146E-03
+450.999E-03,+3.300063E+00,-19.146E-03
+451.999E-03,+3.302965E+00,-19.146E-03
+452.999E-03,+3.302073E+00,-19.146E-03
+453.999E-03,+3.302965E+00,-9.661E-03
+454.999E-03,+3.298945E+00,-19.146E-03
+455.999E-03,+3.298945E+00,-19.146E-03
+456.999E-03,+3.292688E+00,-19.146E-03
+457.999E-03,+3.302965E+00,-9.661E-03
+458.999E-03,+3.297827E+00,-19.146E-03
+459.999E-03,+3.299171E+00,-19.146E-03
+460.999E-03,+3.296708E+00,-3.505E-03
+461.999E-03,+3.301068E+00,-9.661E-03
+462.999E-03,+3.300063E+00,-19.146E-03
+463.999E-03,+3.295151E+00,-19.146E-03
+464.999E-03,+3.298945E+00,-19.146E-03
+465.999E-03,+3.297274E+00,+955E-06
+466.999E-03,+3.301847E+00,-19.146E-03
+467.999E-03,+3.302852E+00,-19.146E-03
+468.999E-03,+3.302073E+00,-19.146E-03
+469.999E-03,+3.298945E+00,-19.146E-03
+470.999E-03,+3.302965E+00,-19.146E-03
+471.999E-03,+3.295038E+00,-19.146E-03
+472.999E-03,+3.298945E+00,-19.146E-03
+473.999E-03,+3.301068E+00,-9.661E-03
+474.999E-03,+3.301847E+00,-19.146E-03
+475.999E-03,+3.298945E+00,+389E-06
+476.999E-03,+3.298492E+00,-14.686E-03
+477.999E-03,+3.297048E+00,-9.661E-03
+478.999E-03,+3.297827E+00,-13.555E-03
+479.999E-03,+3.302965E+00,-19.146E-03
+480.999E-03,+3.302965E+00,+955E-06
+481.999E-03,+3.298945E+00,-9.661E-03
+482.999E-03,+3.302965E+00,-19.146E-03
+483.999E-03,+3.298718E+00,-19.146E-03
+484.999E-03,+3.301181E+00,-19.146E-03
+485.999E-03,+3.296822E+00,-19.146E-03
+486.999E-03,+3.298945E+00,-19.146E-03
+487.999E-03,+3.298945E+00,-19.146E-03
+488.999E-03,+3.299837E+00,-19.146E-03
+489.999E-03,+3.302965E+00,-19.146E-03
+490.999E-03,+3.302965E+00,-19.146E-03
+491.999E-03,+3.298945E+00,-19.146E-03
+492.999E-03,+3.295816E+00,-19.146E-03
+493.999E-03,+3.297048E+00,+955E-06
+494.999E-03,+3.302965E+00,-19.146E-03
+495.999E-03,+3.302965E+00,-19.146E-03
+496.999E-03,+3.302965E+00,-19.146E-03
+497.999E-03,+3.296822E+00,-19.146E-03
+498.999E-03,+3.298945E+00,-19.146E-03
+499.999E-03,+3.306759E+00,-19.146E-03
+500.999E-03,+3.298945E+00,-3.505E-03
+501.999E-03,+3.298945E+00,-19.146E-03
+502.999E-03,+3.300729E+00,-13.555E-03
+503.999E-03,+3.302852E+00,-19.146E-03
+504.999E-03,+3.301181E+00,-14.686E-03
+505.999E-03,+3.300842E+00,-8.530E-03
+506.999E-03,+3.297827E+00,-19.146E-03
+507.999E-03,+3.302739E+00,-19.146E-03
+508.999E-03,+3.299837E+00,-19.146E-03
+509.999E-03,+3.303191E+00,-19.146E-03
+510.999E-03,+3.300729E+00,-19.146E-03
+511.999E-03,+3.302965E+00,-38.116E-03
+512.999E-03,+3.298945E+00,-19.146E-03
+513.999E-03,+3.297048E+00,-19.146E-03
+514.999E-03,+3.294925E+00,-4.636E-03
+515.999E-03,+3.298832E+00,-19.146E-03
+516.999E-03,+3.299837E+00,-19.146E-03
+517.999E-03,+3.298945E+00,-19.146E-03
+518.999E-03,+3.296043E+00,-13.555E-03
+519.999E-03,+3.302852E+00,-19.146E-03
+520.999E-03,+3.295816E+00,-19.146E-03
+521.999E-03,+3.294925E+00,-19.146E-03
+522.999E-03,+3.294925E+00,-19.146E-03
+523.999E-03,+3.299058E+00,-19.146E-03
+524.999E-03,+3.298945E+00,-19.146E-03
+525.999E-03,+3.302965E+00,-19.146E-03
+526.999E-03,+3.301181E+00,-13.555E-03
+527.999E-03,+3.302965E+00,-18.580E-03
+528.999E-03,+3.288668E+00,-14.686E-03
+529.999E-03,+3.301068E+00,-19.146E-03
+530.999E-03,+3.296043E+00,-19.146E-03
+531.999E-03,+3.298945E+00,-18.580E-03
+532.999E-03,+3.299837E+00,-19.146E-03
+533.999E-03,+3.303191E+00,-8.530E-03
+534.999E-03,+3.302965E+00,-19.146E-03
+535.999E-03,+3.310553E+00,-19.146E-03
+536.999E-03,+3.299837E+00,-34.786E-03
+537.999E-03,+3.302965E+00,-19.146E-03
+538.999E-03,+3.302965E+00,-4.636E-03
+539.999E-03,+3.302965E+00,-18.580E-03
+540.999E-03,+3.301181E+00,-23.606E-03
+541.999E-03,+3.304862E+00,-8.530E-03
+542.999E-03,+3.297827E+00,-19.146E-03
+543.999E-03,+3.299058E+00,-19.146E-03
+544.999E-03,+3.296708E+00,-19.146E-03
+545.999E-03,+3.298945E+00,-19.146E-03
+546.999E-03,+3.300063E+00,-19.146E-03
+547.999E-03,+3.298945E+00,-18.580E-03
+548.999E-03,+3.294925E+00,+955E-06
+549.999E-03,+3.297048E+00,-19.146E-03
+550.999E-03,+3.302965E+00,-19.146E-03
+551.999E-03,+3.302852E+00,-19.146E-03
+552.999E-03,+3.294925E+00,-19.146E-03
+553.999E-03,+3.298945E+00,-19.146E-03
+554.999E-03,+3.293806E+00,-10.226E-03
+555.999E-03,+3.302965E+00,-19.146E-03
+556.999E-03,+3.292688E+00,-3.505E-03
+557.999E-03,+3.297048E+00,-19.146E-03
+558.999E-03,+3.304749E+00,-4.636E-03
+559.999E-03,+3.298945E+00,-19.146E-03
+560.999E-03,+3.304309E+00,-3.505E-03
+561.999E-03,+3.301068E+00,-9.661E-03
+562.999E-03,+3.300729E+00,-19.146E-03
+563.999E-03,+3.302965E+00,+389E-06
+564.999E-03,+3.302073E+00,-19.146E-03
+565.999E-03,+3.298945E+00,-19.146E-03
+566.999E-03,+3.301847E+00,-19.146E-03
+567.999E-03,+3.295151E+00,-19.146E-03
+568.999E-03,+3.302965E+00,-14.686E-03
+569.999E-03,+3.300842E+00,-19.146E-03
+570.999E-03,+3.301181E+00,-19.146E-03
+571.999E-03,+3.298945E+00,-18.580E-03
+572.999E-03,+3.300729E+00,-14.686E-03
+573.999E-03,+3.306985E+00,-8.530E-03
+574.999E-03,+3.299610E+00,-19.146E-03
+575.999E-03,+3.302965E+00,-19.146E-03
+576.999E-03,+3.294925E+00,-19.146E-03
+577.999E-03,+3.298718E+00,-19.146E-03
+578.999E-03,+3.300063E+00,-19.146E-03
+579.999E-03,+3.299058E+00,-18.580E-03
+580.999E-03,+3.295816E+00,-14.686E-03
+581.999E-03,+3.301068E+00,-19.146E-03
+582.999E-03,+3.300063E+00,-19.146E-03
+583.999E-03,+3.298945E+00,+389E-06
+584.999E-03,+3.302965E+00,-19.146E-03
+585.999E-03,+3.301068E+00,-19.146E-03
+586.999E-03,+3.300729E+00,-19.146E-03
+587.999E-03,+3.302852E+00,+389E-06
+588.999E-03,+3.298945E+00,-19.146E-03
+589.999E-03,+3.298945E+00,-9.661E-03
+590.999E-03,+3.297827E+00,-19.146E-03
+591.999E-03,+3.302965E+00,-19.146E-03
+592.999E-03,+3.294925E+00,-19.146E-03
+593.999E-03,+3.298945E+00,-39.246E-03
+594.999E-03,+3.296043E+00,-19.146E-03
+595.999E-03,+3.299058E+00,-19.146E-03
+596.999E-03,+3.295816E+00,-3.505E-03
+597.999E-03,+3.297048E+00,-19.146E-03
+598.999E-03,+3.300063E+00,-19.146E-03
+599.999E-03,+3.298945E+00,+389E-06
+600.999E-03,+3.294925E+00,-3.505E-03
+601.999E-03,+3.297048E+00,-8.530E-03
+602.999E-03,+3.298945E+00,-19.146E-03
+603.999E-03,+3.302852E+00,-19.146E-03
+604.999E-03,+3.299837E+00,-19.146E-03
+605.999E-03,+3.298945E+00,-19.146E-03
+606.999E-03,+3.298945E+00,-19.146E-03
+607.999E-03,+3.298945E+00,-19.146E-03
+608.999E-03,+3.302073E+00,-19.146E-03
+609.999E-03,+3.298945E+00,-19.146E-03
+610.999E-03,+3.301847E+00,-13.555E-03
+611.999E-03,+3.302965E+00,-19.146E-03
+612.999E-03,+3.299837E+00,-19.146E-03
+613.999E-03,+3.298945E+00,-19.146E-03
+614.999E-03,+3.297827E+00,-19.146E-03
+615.999E-03,+3.298832E+00,-19.146E-03
+616.999E-03,+3.295816E+00,-19.146E-03
+617.999E-03,+3.300842E+00,-19.146E-03
+618.999E-03,+3.300063E+00,-19.146E-03
+619.999E-03,+3.302852E+00,-19.146E-03
+620.999E-03,+3.296708E+00,-19.146E-03
+621.999E-03,+3.302965E+00,-19.146E-03
+622.999E-03,+3.298945E+00,+955E-06
+623.999E-03,+3.291244E+00,-19.146E-03
+624.999E-03,+3.298945E+00,-19.146E-03
+625.999E-03,+3.301068E+00,-19.146E-03
+626.999E-03,+3.298945E+00,-4.636E-03
+627.999E-03,+3.298945E+00,-19.146E-03
+628.999E-03,+3.300289E+00,-14.686E-03
+629.999E-03,+3.298718E+00,-19.146E-03
+630.999E-03,+3.298945E+00,-33.656E-03
+631.999E-03,+3.299058E+00,-19.146E-03
+632.999E-03,+3.298945E+00,-19.146E-03
+633.999E-03,+3.301068E+00,-19.146E-03
+634.999E-03,+3.298945E+00,-19.146E-03
+635.999E-03,+3.299058E+00,-19.146E-03
+636.999E-03,+3.299837E+00,-19.146E-03
+637.999E-03,+3.301068E+00,-19.146E-03
+638.999E-03,+3.298945E+00,-19.146E-03
+639.999E-03,+3.291131E+00,-19.146E-03
+640.999E-03,+3.306093E+00,-19.146E-03
+641.999E-03,+3.301068E+00,-19.146E-03
+642.999E-03,+3.298945E+00,-19.146E-03
+643.999E-03,+3.302852E+00,+389E-06
+644.999E-03,+3.302965E+00,-19.146E-03
+645.999E-03,+3.296822E+00,-8.530E-03
+646.999E-03,+3.301847E+00,-19.146E-03
+647.999E-03,+3.302965E+00,-19.146E-03
+648.999E-03,+3.302965E+00,-19.146E-03
+649.999E-03,+3.299171E+00,-19.146E-03
+650.999E-03,+3.301847E+00,-19.146E-03
+651.999E-03,+3.299058E+00,-19.146E-03
+652.999E-03,+3.299837E+00,-19.146E-03
+653.999E-03,+3.297048E+00,-19.146E-03
+654.999E-03,+3.301847E+00,-19.146E-03
+655.999E-03,+3.302739E+00,-19.146E-03
+656.999E-03,+3.302073E+00,-19.146E-03
+657.999E-03,+3.298945E+00,-9.661E-03
+658.999E-03,+3.301847E+00,-19.146E-03
+659.999E-03,+3.298945E+00,-19.146E-03
+660.999E-03,+3.296708E+00,-19.146E-03
+661.999E-03,+3.299171E+00,-9.661E-03
+662.999E-03,+3.297827E+00,-19.146E-03
+663.999E-03,+3.302852E+00,-19.146E-03
+664.999E-03,+3.297600E+00,-3.505E-03
+665.999E-03,+3.300842E+00,-19.146E-03
+666.999E-03,+3.306985E+00,-19.146E-03
+667.999E-03,+3.299397E+00,-19.146E-03
+668.999E-03,+3.299837E+00,-19.146E-03
+669.999E-03,+3.298945E+00,-19.146E-03
+670.999E-03,+3.300729E+00,-19.146E-03
+671.999E-03,+3.298945E+00,-19.146E-03
+672.999E-03,+3.277940E+00,-19.146E-03
+673.999E-03,+3.297048E+00,-19.146E-03
+674.999E-03,+3.301181E+00,-19.146E-03
+675.999E-03,+3.295038E+00,-19.146E-03
+676.999E-03,+3.298945E+00,-19.146E-03
+677.999E-03,+3.300842E+00,-19.146E-03
+678.999E-03,+3.301847E+00,-19.146E-03
+679.999E-03,+3.295038E+00,-19.146E-03
+680.999E-03,+3.299837E+00,-19.146E-03
+681.999E-03,+3.301068E+00,-8.530E-03
+682.999E-03,+3.300063E+00,-19.146E-03
+683.999E-03,+3.298718E+00,-19.146E-03
+684.999E-03,+3.303857E+00,-19.146E-03
+685.999E-03,+3.302965E+00,-28.631E-03
+686.999E-03,+3.300063E+00,-19.146E-03
+687.999E-03,+3.302852E+00,-19.146E-03
+688.999E-03,+3.299837E+00,-19.146E-03
+689.999E-03,+3.303191E+00,-19.146E-03
+690.999E-03,+3.302965E+00,-19.146E-03
+691.999E-03,+3.298832E+00,-19.146E-03
+692.999E-03,+3.299837E+00,-19.146E-03
+693.999E-03,+3.301068E+00,-19.146E-03
+694.999E-03,+3.296043E+00,-4.636E-03
+695.999E-03,+3.306759E+00,-19.146E-03
+696.999E-03,+3.298945E+00,-19.146E-03
+697.999E-03,+3.300842E+00,-19.146E-03
+698.999E-03,+3.298945E+00,+955E-06
+699.999E-03,+3.295151E+00,-19.146E-03
+700.999E-03,+3.302965E+00,-19.146E-03
+701.999E-03,+3.298945E+00,-19.146E-03
+702.999E-03,+3.300063E+00,-19.146E-03
+703.999E-03,+3.302852E+00,-19.146E-03
+704.999E-03,+3.306093E+00,-19.146E-03
+705.999E-03,+3.298945E+00,-9.661E-03
+706.999E-03,+3.298945E+00,-19.146E-03
+707.999E-03,+3.298832E+00,-18.580E-03
+708.999E-03,+3.302073E+00,-19.146E-03
+709.999E-03,+3.296595E+00,-8.530E-03
+710.999E-03,+3.296043E+00,-19.146E-03
+711.999E-03,+3.302852E+00,-19.146E-03
+712.999E-03,+3.299837E+00,-19.146E-03
+713.999E-03,+3.298945E+00,-9.661E-03
+714.999E-03,+3.301847E+00,-19.146E-03
+715.999E-03,+3.302965E+00,-19.146E-03
+716.999E-03,+3.298945E+00,-19.146E-03
+717.999E-03,+3.298718E+00,-19.146E-03
+718.999E-03,+3.297827E+00,-19.146E-03
+719.999E-03,+3.298945E+00,-19.146E-03
+720.999E-03,+3.298945E+00,-19.146E-03
+721.999E-03,+3.300615E+00,+955E-06
+722.999E-03,+3.298945E+00,-19.146E-03
+723.999E-03,+3.295151E+00,-19.146E-03
+724.999E-03,+3.306093E+00,-19.146E-03
+725.999E-03,+3.299171E+00,-9.661E-03
+726.999E-03,+3.297827E+00,-19.146E-03
+727.999E-03,+3.298832E+00,-18.580E-03
+728.999E-03,+3.298053E+00,-14.686E-03
+729.999E-03,+3.298945E+00,+955E-06
+730.999E-03,+3.298945E+00,-19.146E-03
+731.999E-03,+3.302739E+00,-18.580E-03
+732.999E-03,+3.298945E+00,-19.146E-03
+733.999E-03,+3.302965E+00,-19.146E-03
+734.999E-03,+3.304083E+00,-19.146E-03
+735.999E-03,+3.298945E+00,-19.146E-03
+736.999E-03,+3.299837E+00,-14.686E-03
+737.999E-03,+3.302965E+00,-19.146E-03
+738.999E-03,+3.300729E+00,-13.555E-03
+739.999E-03,+3.302852E+00,-19.146E-03
+740.999E-03,+3.302965E+00,-19.146E-03
+741.999E-03,+3.292801E+00,-19.146E-03
+742.999E-03,+3.297161E+00,-4.636E-03
+743.999E-03,+3.298832E+00,-18.580E-03
+744.999E-03,+3.295816E+00,-3.505E-03
+745.999E-03,+3.298945E+00,-28.631E-03
+746.999E-03,+3.300063E+00,-13.555E-03
+747.999E-03,+3.298945E+00,-18.580E-03
+748.999E-03,+3.299837E+00,-19.146E-03
+749.999E-03,+3.298718E+00,-9.661E-03
+750.999E-03,+3.296043E+00,-19.146E-03
+751.999E-03,+3.293907E+00,-176E-06
+752.999E-03,+3.302965E+00,-3.505E-03
+753.999E-03,+3.299171E+00,-19.146E-03
+754.999E-03,+3.301847E+00,-19.146E-03
+755.999E-03,+3.295151E+00,-19.146E-03
+756.999E-03,+3.298053E+00,-14.686E-03
+757.999E-03,+3.298945E+00,-19.146E-03
+758.999E-03,+3.305867E+00,-19.146E-03
+759.999E-03,+3.295151E+00,-19.146E-03
+760.999E-03,+3.300289E+00,-14.686E-03
+761.999E-03,+3.298945E+00,-19.146E-03
+762.999E-03,+3.302965E+00,-19.146E-03
+763.999E-03,+3.302739E+00,-19.146E-03
+764.999E-03,+3.295377E+00,-23.606E-03
+765.999E-03,+3.301068E+00,-9.661E-03
+766.999E-03,+3.300063E+00,-19.146E-03
+767.999E-03,+3.299058E+00,+389E-06
+768.999E-03,+3.302073E+00,-3.505E-03
+769.999E-03,+3.298945E+00,-19.146E-03
+770.999E-03,+3.302965E+00,-19.146E-03
+771.999E-03,+3.298832E+00,-19.146E-03
+772.999E-03,+3.304309E+00,-19.146E-03
+773.999E-03,+3.298945E+00,-19.146E-03
+774.999E-03,+3.302965E+00,-33.656E-03
+775.999E-03,+3.302852E+00,-19.146E-03
+776.999E-03,+3.295816E+00,-3.505E-03
+777.999E-03,+3.302965E+00,-19.146E-03
+778.999E-03,+3.296043E+00,-4.636E-03
+779.999E-03,+3.302965E+00,-19.146E-03
+780.999E-03,+3.302965E+00,-14.686E-03
+781.999E-03,+3.297274E+00,-19.146E-03
+782.999E-03,+3.302965E+00,-19.146E-03
+783.999E-03,+3.306646E+00,-18.580E-03
+784.999E-03,+3.298945E+00,-14.686E-03
+785.999E-03,+3.302739E+00,-19.146E-03
+786.999E-03,+3.300063E+00,-19.146E-03
+787.999E-03,+3.299058E+00,+389E-06
+788.999E-03,+3.299837E+00,-19.146E-03
+789.999E-03,+3.296822E+00,-19.146E-03
+790.999E-03,+3.299397E+00,-13.555E-03
+791.999E-03,+3.291131E+00,+389E-06
+792.999E-03,+3.305201E+00,-19.146E-03
+793.999E-03,+3.298945E+00,-19.146E-03
+794.999E-03,+3.301847E+00,-19.146E-03
+795.999E-03,+3.302965E+00,-19.146E-03
+796.999E-03,+3.299837E+00,-34.786E-03
+797.999E-03,+3.301068E+00,-9.661E-03
+798.999E-03,+3.301847E+00,-33.656E-03
+799.999E-03,+3.299058E+00,-18.580E-03
+800.999E-03,+3.302073E+00,-19.146E-03
+801.999E-03,+3.301068E+00,-9.661E-03
+802.999E-03,+3.304749E+00,-19.146E-03
+803.999E-03,+3.298945E+00,-19.146E-03
+804.999E-03,+3.299837E+00,-14.686E-03
+805.999E-03,+3.292801E+00,-19.146E-03
+806.999E-03,+3.300063E+00,-19.146E-03
+807.999E-03,+3.298945E+00,-19.146E-03
+808.999E-03,+3.311457E+00,-19.146E-03
+809.999E-03,+3.298945E+00,-9.661E-03
+810.999E-03,+3.298945E+00,-19.146E-03
+811.999E-03,+3.295038E+00,-19.146E-03
+812.999E-03,+3.301620E+00,-14.686E-03
+813.999E-03,+3.300842E+00,-19.146E-03
+814.999E-03,+3.303631E+00,-19.146E-03
+815.999E-03,+3.295151E+00,-19.146E-03
+816.999E-03,+3.299837E+00,-3.505E-03
+817.999E-03,+3.294925E+00,-9.661E-03
+818.999E-03,+3.297827E+00,-19.146E-03
+819.999E-03,+3.295151E+00,-19.146E-03
+820.999E-03,+3.298053E+00,-14.686E-03
+821.999E-03,+3.309560E+00,-8.530E-03
+822.999E-03,+3.302965E+00,-4.636E-03
+823.999E-03,+3.295151E+00,+955E-06
+824.999E-03,+3.302965E+00,-3.505E-03
+825.999E-03,+3.298945E+00,-19.146E-03
+826.999E-03,+3.298945E+00,-13.555E-03
+827.999E-03,+3.298832E+00,-19.146E-03
+828.999E-03,+3.287789E+00,-3.505E-03
+829.999E-03,+3.297048E+00,-19.146E-03
+830.999E-03,+3.304749E+00,-4.636E-03
+831.999E-03,+3.299058E+00,-19.146E-03
+832.999E-03,+3.321734E+00,-19.146E-03
+833.999E-03,+3.297048E+00,-9.661E-03
+834.999E-03,+3.300063E+00,-13.555E-03
+835.999E-03,+3.299058E+00,-19.146E-03
+836.999E-03,+3.299837E+00,-3.505E-03
+837.999E-03,+3.301068E+00,-19.146E-03
+838.999E-03,+3.300729E+00,-13.555E-03
+839.999E-03,+3.302965E+00,-19.146E-03
+840.999E-03,+3.294925E+00,-19.146E-03
+841.999E-03,+3.302965E+00,-19.146E-03
+842.999E-03,+3.302965E+00,-19.146E-03
+843.999E-03,+3.302852E+00,-19.146E-03
+844.999E-03,+3.295816E+00,-19.146E-03
+845.999E-03,+3.294698E+00,+2.085E-03
+846.999E-03,+3.294259E+00,-4.636E-03
+847.999E-03,+3.298266E+00,-19.146E-03
+848.999E-03,+3.302073E+00,-14.686E-03
+849.999E-03,+3.298945E+00,-19.146E-03
+850.999E-03,+3.301847E+00,-19.146E-03
+851.999E-03,+3.298945E+00,-19.146E-03
+852.999E-03,+3.302965E+00,-19.146E-03
+853.999E-03,+3.294925E+00,-19.146E-03
+854.999E-03,+3.301847E+00,-19.146E-03
+855.999E-03,+3.298832E+00,-19.146E-03
+856.999E-03,+3.302965E+00,-14.686E-03
+857.999E-03,+3.301068E+00,-19.146E-03
+858.999E-03,+3.302965E+00,-19.146E-03
+859.999E-03,+3.298832E+00,+955E-06
+860.999E-03,+3.304749E+00,-14.686E-03
+861.999E-03,+3.301068E+00,-19.146E-03
+862.999E-03,+3.298945E+00,-19.146E-03
+863.999E-03,+3.298945E+00,-19.146E-03
+864.999E-03,+3.299837E+00,-3.505E-03
+865.999E-03,+3.301068E+00,+955E-06
+866.999E-03,+3.300729E+00,-4.636E-03
+867.999E-03,+3.298945E+00,-18.580E-03
+868.999E-03,+3.302073E+00,-14.686E-03
+869.999E-03,+3.301068E+00,-19.146E-03
+870.999E-03,+3.298279E+00,-19.146E-03
+871.999E-03,+3.302739E+00,-19.146E-03
+872.999E-03,+3.299837E+00,-19.146E-03
+873.999E-03,+3.297048E+00,-8.530E-03
+874.999E-03,+3.298945E+00,-19.146E-03
+875.999E-03,+3.295151E+00,-19.711E-03
+876.999E-03,+3.297600E+00,-3.505E-03
+877.999E-03,+3.298945E+00,-9.661E-03
+878.999E-03,+3.298945E+00,-13.555E-03
+879.999E-03,+3.298945E+00,-19.146E-03
+880.999E-03,+3.295816E+00,-3.505E-03
+881.999E-03,+3.298718E+00,-8.530E-03
+882.999E-03,+3.297161E+00,-4.636E-03
+883.999E-03,+3.298945E+00,-19.146E-03
+884.999E-03,+3.298945E+00,-19.146E-03
+885.999E-03,+3.297274E+00,-19.146E-03
+886.999E-03,+3.298945E+00,-19.146E-03
+887.999E-03,+3.298945E+00,-18.580E-03
+888.999E-03,+3.299837E+00,-19.146E-03
+889.999E-03,+3.297048E+00,-19.146E-03
+890.999E-03,+3.300063E+00,-4.636E-03
+891.999E-03,+3.298945E+00,-19.146E-03
+892.999E-03,+3.295816E+00,-3.505E-03
+893.999E-03,+3.298718E+00,-19.146E-03
+894.999E-03,+3.301847E+00,-19.146E-03
+895.999E-03,+3.302852E+00,-19.146E-03
+896.999E-03,+3.302073E+00,-14.686E-03
+897.999E-03,+3.295151E+00,+955E-06
+898.999E-03,+3.300063E+00,-13.555E-03
+899.999E-03,+3.299058E+00,-19.146E-03
+900.999E-03,+3.302965E+00,-19.146E-03
+901.999E-03,+3.298945E+00,-19.146E-03
+902.999E-03,+3.297827E+00,+955E-06
+903.999E-03,+3.299171E+00,-19.146E-03
+904.999E-03,+3.298945E+00,-19.146E-03
+905.999E-03,+3.300842E+00,-8.530E-03
+906.999E-03,+3.301847E+00,-13.555E-03
+907.999E-03,+3.306759E+00,-19.146E-03
+908.999E-03,+3.302965E+00,-19.146E-03
+909.999E-03,+3.298945E+00,-8.530E-03
+910.999E-03,+3.298945E+00,-19.146E-03
+911.999E-03,+3.295151E+00,+389E-06
+912.999E-03,+3.299837E+00,-19.146E-03
+913.999E-03,+3.298945E+00,-19.146E-03
+914.999E-03,+3.300063E+00,-13.555E-03
+915.999E-03,+3.295151E+00,-19.711E-03
+916.999E-03,+3.302073E+00,-19.146E-03
+917.999E-03,+3.302965E+00,-19.146E-03
+918.999E-03,+3.301847E+00,-19.146E-03
+919.999E-03,+3.299058E+00,-19.146E-03
+920.999E-03,+3.296708E+00,-19.146E-03
+921.999E-03,+3.298945E+00,-19.146E-03
+922.999E-03,+3.297827E+00,+955E-06
+923.999E-03,+3.295151E+00,-19.146E-03
+924.999E-03,+3.301181E+00,-19.146E-03
+925.999E-03,+3.302965E+00,-9.661E-03
+926.999E-03,+3.298945E+00,-13.555E-03
+927.999E-03,+3.295151E+00,-19.146E-03
+928.999E-03,+3.295816E+00,-3.505E-03
+929.999E-03,+3.300842E+00,-19.146E-03
+930.999E-03,+3.300063E+00,-19.146E-03
+931.999E-03,+3.298945E+00,+389E-06
+932.999E-03,+3.298945E+00,-19.146E-03
+933.999E-03,+3.305088E+00,-19.146E-03
+934.999E-03,+3.304749E+00,-19.146E-03
+935.999E-03,+3.298832E+00,-19.146E-03
+936.999E-03,+3.298945E+00,-19.146E-03
+937.999E-03,+3.294698E+00,-8.530E-03
+938.999E-03,+3.300063E+00,-19.146E-03
+939.999E-03,+3.302965E+00,+389E-06
+940.999E-03,+3.298053E+00,+955E-06
+941.999E-03,+3.298945E+00,-19.146E-03
+942.999E-03,+3.300063E+00,-19.146E-03
+943.999E-03,+3.299058E+00,-18.580E-03
+944.999E-03,+3.291796E+00,+3.156734E+00
+945.999E-03,+3.294925E+00,+3.166219E+00
+946.999E-03,+3.297827E+00,+3.176834E+00
+947.999E-03,+3.298718E+00,+3.157299E+00
+948.999E-03,+3.292688E+00,+3.176834E+00
+949.999E-03,+3.294925E+00,+3.166219E+00
+950.999E-03,+3.298945E+00,-19.146E-03
+951.999E-03,+3.298832E+00,+955E-06
+952.999E-03,+3.302965E+00,-19.146E-03
+953.999E-03,+3.301068E+00,-19.146E-03
+954.999E-03,+3.302965E+00,-4.636E-03
+955.999E-03,+3.298945E+00,-18.580E-03
+956.999E-03,+3.298053E+00,-19.146E-03
+957.999E-03,+3.301068E+00,-19.146E-03
+958.999E-03,+3.303417E+00,-13.555E-03
+959.999E-03,+3.298945E+00,-19.146E-03
+960.999E-03,+3.298945E+00,-19.146E-03
+961.999E-03,+3.301068E+00,-19.146E-03
+962.999E-03,+3.297827E+00,-19.146E-03
+963.999E-03,+3.294925E+00,+955E-06
+964.999E-03,+3.302073E+00,-19.146E-03
+965.999E-03,+3.302965E+00,-19.146E-03
+966.999E-03,+3.301847E+00,-13.555E-03
+967.999E-03,+3.287337E+00,-38.681E-03
+968.999E-03,+3.298053E+00,-19.146E-03
+969.999E-03,+3.300842E+00,-19.146E-03
+970.999E-03,+3.300063E+00,-19.146E-03
+971.999E-03,+3.299171E+00,-19.146E-03
+972.999E-03,+3.299837E+00,-19.146E-03
+973.999E-03,+3.298945E+00,-19.146E-03
+974.999E-03,+3.304083E+00,-19.146E-03
+975.999E-03,+3.298945E+00,-18.580E-03
+976.999E-03,+3.295816E+00,+955E-06
+977.999E-03,+3.301068E+00,-19.146E-03
+978.999E-03,+3.301847E+00,-19.146E-03
+979.999E-03,+3.299058E+00,-19.146E-03
+980.999E-03,+3.299837E+00,-19.146E-03
+981.999E-03,+3.301068E+00,-19.146E-03
+982.999E-03,+3.301847E+00,-13.555E-03
+983.999E-03,+3.303078E+00,-19.146E-03
+984.999E-03,+3.298945E+00,-19.146E-03
+985.999E-03,+3.299171E+00,-19.146E-03
+986.999E-03,+3.298945E+00,-13.555E-03
+987.999E-03,+3.302852E+00,-19.146E-03
+988.999E-03,+3.302965E+00,-3.505E-03
+989.999E-03,+3.297274E+00,-8.530E-03
+990.999E-03,+3.302965E+00,-4.636E-03
+991.999E-03,+3.302965E+00,-19.146E-03
+992.999E-03,+3.302073E+00,-19.146E-03
+993.999E-03,+3.300842E+00,-8.530E-03
+994.999E-03,+3.298945E+00,-13.555E-03
+995.999E-03,+3.303078E+00,-19.146E-03
+996.999E-03,+3.302073E+00,-3.505E-03
+997.999E-03,+3.298945E+00,-19.146E-03
+998.999E-03,+3.298945E+00,-19.146E-03
